set_num,name,year,theme_id,num_parts
00-1,Weetabix Castle,1970,414,471
0011-2,Town Mini-Figures,1978,84,12
0011-3,Castle 2 for 1 Bonus Offer,1987,199,2
0012-1,Space Mini-Figures,1979,143,12
0013-1,Space Mini-Figures,1979,143,12
0014-1,Space Mini-Figures,1979,143,12
0015-1,Space Mini-Figures,1979,143,18
0016-1,Castle Mini Figures,1978,186,15
00-2,Weetabix Promotional House 1,1976,413,147
00-3,Weetabix Promotional House 2,1976,413,149
00-4,Weetabix Promotional Windmill,1976,413,126
005-1,Basic Building Set in Cardboard,1965,366,35
00-6,Special Offer,1985,67,3
00-7,Weetabix Promotional Lego Village,1976,413,3
010-1,Basic Building Set in Cardboard,1965,366,57
010-3,Basic Building Set,1968,366,77
011-1,Basic Building Set,1968,366,145
022-1,Basic Building Set,1968,366,110
033-2,Basic Building Set,1968,366,177
044-1,Basic Building Set,1968,366,225
055-2,Basic Building Set,1968,366,256
066-1,Basic Building Set,1968,366,407
080-1,Basic Building Set with Train,1967,366,710
088-1,Super Set,1969,469,615
100-1,4.5V Motor with Wheels (Small Version),1966,243,16
100-2,4.5V Motor with Wheels (Large Version),1966,243,27
101-1,4.5V Battery Case,1969,243,1
101-3,4.5V Battery Case,1966,243,1
10-2,Universal Building Set,1976,469,129
102-1,4.5V Motor Set,1968,243,24
102A-1,Front-End Loader,1970,416,64
102A-2,Front-End Loader,1970,416,56
10-3,Locomotive Wheels,1977,456,8
1030-1,TECHNIC I: Simple Machines Set,1985,1,189
103-1,4.5V Motor Set with Rubber Tracks,1969,473,24
1031-1,Building Cards - 1030,1983,532,20
1032-1,TECHNIC II Set {4.5v},1985,1,278
1033-1,Building Cards - 1032,1985,532,20
1034-1,Teachers Resource Set,1985,532,1534
1038-1,ERBIE the Robo-Car,1985,1,120
1039-1,Manual Control Set 1,1986,1,39
104-1,Replacement 4.5V Motor,1970,243,1
1045-2,Educational LEGO Building Set,1976,511,683
1049-1,Ships - 247 elements and 1 poster,1985,510,238
105-1,Canada Post Truck,1984,81,65
105-2,Building Set,1973,469,150
1053-1,Community Buildings,1984,533,895
1056-1,Basic School Pack - 773 elements with teacher's manual,1985,534,785
1060-1,Road Plates and Signs,1981,533,30
106-1,UNICEF Van,1985,79,59
1062-1,{Town Vehicles},1980,533,158
1063-1,Community Workers,1985,533,169
1064-1,Dacta Buildings,1981,533,0
1065-1,House Accessories - 182 elements,1985,534,196
1066-1,36 Little People + Accessories,1982,533,174
1067-1,Community Vehicles,1988,507,251
107-1,4.5V Motor Set,1976,473,31
107-2,Canada Post Mail Truck,1985,81,138
1075-1,LEGO People Supplementary Set,1980,511,256
1077-1,Supplementary Set,1976,528,170
108-1,Battery Box,1976,243,1
1083-1,Supplementary Pack,1986,534,106
1089-1,Lego Basic Figures - 24 elements,1985,534,24
1090-1,TECHNIC Control I,1986,1,397
1092-1,TECHNIC Control II,1986,1,467
1-10,Mini-Wheel Model Maker No. 1,1971,423,86
110-1,Universal Building Set,1977,469,129
1101-1,Replacement 4.5V Motor,1977,443,1
1102-1,Motor Bushes,1977,456,4
1103-1,Battery Box,1977,443,1
1104-1,Battery Cables (75cm),1977,443,2
1105-1,Crawler Tracks,1977,443,2
1106-1,Battery Tender,1977,456,2
1107-1,Signal and Direction-Change Switch,1977,456,4
1108-1,Magnetic Couplings,1977,456,4
1109-1,Magnetic Couplings for Railway Car,1977,456,4
1-11,Basic Souvenir Box,1981,469,36
1110-1,Train Wheels,1977,456,8
111-1,Universal Building Set,1977,469,173
1111-1,Rubber Rims for Locomotive Wheels,1977,456,8
111-2,Starter Train Set without Motor,1966,235,118
1112-1,Train Sliding Wheel Blocks,1977,456,2
1113-1,Motor Frame and Couplers,1977,443,5
1114-1,Motor Frame,1977,443,1
1115-1,4.5V Lighting Brick (2 x 2),1977,443,1
1116-1,"Chain Links, Small",1977,443,25
1118-1,"Boat Weight, Red",1977,443,1
1119-1,Locomotive Piston Assemblies,1977,456,6
11-2,Small Pre-School Basic Set,1973,433,31
1120-1,Tires (42 mm),1977,443,2
112-1,Universal Building Set,1977,469,200
1121-1,"Propellers, Wheels and Rotor Unit",1977,443,15
112-2,Locomotive with Motor,1966,235,74
1122-1,Hinges,1977,443,3
1123-1,"Ball and Socket Couplings, Articulated Joint",1977,443,8
1124-1,Digger Bucket,1977,443,3
1125-1,Crane Grab,1977,443,3
1126-1,"Jack Complete Assembly, Blue",1983,443,1
1129-1,Storage Cloth (Spread Bag),1980,473,1
11-3,Locomotive Traction Tires,1977,456,8
1130-1,Storage Folder for Building Instructions (16 Internal Pockets),1980,443,1
113-1,Universal Building Set,1977,469,293
1131-1,Tires (42 mm) and Hubs,1981,453,4
113-2,Motorized Train Set,1966,235,344
1132-1,Hinges,1981,443,8
1133-1,Brick Hinges,1981,443,8
1134-1,Battery Wagon,1981,456,2
1135-1,"Battery Cable Kit: 12 Connectors, 3m Cable",1981,443,13
1135-2,"Battery Cable Kit: 16 Connectors, 3m Cable",1981,443,17
1135-3,"Battery Cable Kit: 20 Connectors, 3m Cable",1981,443,21
1136-1,"Buffers, Magnetic Couplers",1981,456,6
1137-1,Train Couplings,1981,456,4
1138-1,Replacement Rubber Wheel Treads for Trains,1981,456,8
1139-1,Motor-Mount Plate with Magnetic Couplers,1981,456,5
1140-1,12V Light Bricks,1981,443,2
114-1,Universal Building Set,1977,469,390
1141-1,Wheel Bricks with Small Red Train Wheels,1981,456,2
114-2,Small Train Set,1966,235,88
1142-1,Wheel Bricks with Small Black Train-Wheels,1981,456,2
1143-1,Wheel Bricks with Large Red Train Wheels,1981,456,2
1144-1,Train Baseplate,1981,456,1
1145-1,Bogie Plate,1981,456,1
1146-1,"Pushrods, Cylinder Housings",1981,456,6
1147-1,"Light Prisms & Holder, Red/Yellow Light Covers",1981,456,7
1148-1,Differential,1981,453,5
1149-2,Bulldozer Chainlinks,1982,453,52
1150-1,Replacement Motor 12V,1977,443,1
115-1,Building Set,1973,469,190
1151-1,Train Power Pick-Up Blocks,1977,456,2
115-2,Starter Train Set with Motor,1966,235,132
1152-1,Electric Wire,1977,456,2
1154-1,Battery Control Unit,1986,453,1
1160-1,"TECHNIC Pneumatic Tubing, 40cm +100cm",1985,453,2
116-1,Starter Train Set with Motor,1967,235,364
1161-1,TECHNIC Pneumatic Pump Cylinder 48mm,1985,453,1
116-2,Deluxe Motorized Train Set,1968,235,361
1162-1,TECHNIC Pneumatic Piston Cylinder 48mm,1985,453,1
1163-1,TECHNIC Pneumatic Piston Cylinder 60mm,1985,453,1
1164-1,TECHNIC Pneumatic 2 Way Valve and Nonreturn Valve,1985,453,2
1168-1,Battery Box,1986,1,1
1169-1,Bogie Plates,1986,456,2
1170-1,Replacement Train Battery Tender,1986,456,2
117-1,Locomotive without Motor,1967,235,99
1171-1,Lighting Brick with Red and Blue Globes,1986,443,5
1172-1,Colored Globes,1986,443,5
1174-1,Motorhome for Basic Motor 4.5V/Train Motor 12V,1986,443,2
1175-1,4.5v TECHNIC Motor,1982,453,1
1176-1,Gear Racks and Turntables,1978,453,6
1178-1,"Siren, Black",1986,443,1
1179-1,Replacement Space Siren,1986,443,1
118-1,Electronic Train,1968,235,103
118-2,Small Train Set,1968,235,117
118-3,Motorized Freight or Passenger Train (Sears Exclusive),1969,235,419
119-1,Super Train Set,1968,235,401
1197-2,Crown Gears,1981,453,2
1200-1,"LEGO Town Plan Board, Large Plastic",1955,372,1
1200-2,"LEGO Town Plan Board, Small Plastic",1956,372,1
1200M-1,LEGO Town Plan Wooden Board,1957,372,1
120-1,Complete Freight Train Set with Tipper Trucks,1969,235,163
1203-1,"Turntables (4 x 4), Turntables (2 x 2)",1985,443,8
1204-1,"Fences, Red and Black",1984,443,10
120438-1,Basic Building Set,1985,469,176
1205-1,Keys for Wind-Up Motor,1982,443,2
1206-1,"Round Bricks (2 x 2), White",1982,443,10
1207-1,"Turntables (4 x 4), Red",1982,443,2
1208-1,"Inverted Slope Bricks, Assorted, Red",1982,443,16
1209-1,Fences and Gates,1982,443,10
12-1,Blue Space Elements,1981,452,8
1210-1,Winch Block and Hook Assembly,1982,443,3
1210-2,Small Store Set,1955,372,30
121-1,Roadster,1979,390,23
1211-1,Space Stands and Brackets,1982,443,8
1211-2,Small House Set,1955,372,19
1212-1,"Rocket Tops, Black",1982,443,6
1212-2,Small House - Left Set,1955,372,21
1213-1,Space Radar Disks,1982,452,5
1213-2,Small House - Right Set,1955,372,23
1214-1,Upper Part of Motorhome for 4.5V/12V Trainmotor,1984,456,1
1214-2,Windows and Doors,1955,371,24
1215-1,Train Motor 4.5V Type II Lower Housing,1981,456,1
1215-2,2 x 8 & 2 x 10 Bricks,1955,371,20
1216-1,Semaphores with Feet,1982,456,8
1216-2,4 x 4 Corner Bricks,1955,371,20
1217-1,Yellow Girder Beams & Plates,1982,453,20
1217-2,2 x 4 Bricks,1955,371,52
1218-1,Blue Girder Beams & Plates,1982,453,20
1218-2,2 x 3 Bricks,1955,371,60
1219-1,TECHNIC Beams & Plates [Red],1982,453,20
1219-2,2 x 2 Bricks,1955,371,80
1220-1,Black Girder Beams & Plates,1982,453,20
1220-2,1 x 2 Bricks,1955,371,104
122-1,Loco and Tender,1969,235,96
1221-1,TECHNIC beams - yellow,1982,453,8
1221-2,1 x 1 Bricks,1955,371,160
1222-1,TECHNIC beams - blue,1982,453,8
1222-2,1 x 1 Round Bricks,1955,371,200
1223-1,TECHNIC beams - black,1982,453,8
1223-2,2 x 2 & 2 x 4 Curved Bricks,1955,371,14
1223-3,2 x 2 Curved Bricks,1957,371,100
1224-1,TECHNIC Beams [Red],1982,453,8
1224.1-1,8 Danish Named Beams,1955,371,8
1224-2,8 Named Beams,1955,371,8
1224A-1,1 x 6 and 1 x 8 Bricks,1955,371,36
1225-1,Assortment of Axles,1982,453,32
1225-2,Mixed Plates Parts Pack,1955,371,12
1226-1,Tractor Tires & Hubs,1982,453,12
1226-2,6 x 8 & 2 x 8 Plates,1956,371,4
1227-1,Gear Wheel Assortment,1982,453,15
1227-2,4 x 8 & 2 x 8 Plates,1956,371,5
1228-1,Differential Gear Housing,1982,453,28
1228-2,4 x 8 Curved & 2 x 8 Plates,1956,371,5
1229-1,TECHNIC Chainlinks,1982,453,70
12-3,Wheel Bearings for Locomotives,1977,456,2
1230-1,TECHNIC Bulldozer Chainlinks,1982,453,54
1230-2,Windows and Door without Glass,1955,371,7
123-1,Passenger Coach,1969,235,98
1231-1,X-Large Tires & Hubs,1982,453,4
1231-2,"Windows and Door with Glass, Red",1956,371,10
1231-3,"Windows and Door with Glass, White",1956,371,10
1232-1,Toggle Joints & Connectors,1982,453,46
1233-1,Axle Assortment,1984,453,34
1233-2,Light Masts,1958,371,4
1234-1,Gear Wheel Assortment,1984,453,21
1234-3,"Replacement Gearbox for Electric, Motor 4.5V/12V Type II 12 x 4 x 3 1/3",1983,443,1
1235-1,Differential Gear Housing,1984,453,19
1235-2,Garage Plate and Door,1955,371,3
1236-1,TECHNIC wheels with hubs,1984,453,4
1236-2,Garage,1955,372,59
1236-3,12V Technic Motor,1979,453,1
1239-2,Remote Control for Electric Points,1985,456,8
1240-1,"Hinges and Tilted Bearings, Light Gray",1986,443,16
1240-2,8 Road Signs,1955,371,8
124-1,Goods Wagon,1969,235,56
1241-1,Digger Bucket Assembly,1985,443,4
1241-2,8 Road Signs,1955,371,8
1242-1,Crane Grab and Winch,1986,443,4
1242-2,International Flags,1957,371,5
1242D-1,5 Danish Flags,1957,371,5
1243-1,Hinges and Couplings,1986,443,9
1244-1,Runway Plates,1986,443,2
1245-1,T- and Intersection Plates,1986,443,2
1245-2,Lighting Device Pack,1957,371,3
1247-2,Esso Pumps/Sign,1955,371,2
1248-2,Painted Trees and Bushes,1955,371,6
125-1,Tipping Wagon,1969,235,20
125-2,Building Set,1974,469,234
1260-2,1:87 Twenty Four Models,1957,368,24
126-1,Steam Locomotive (Push),1970,235,60
1267-1,Shock Absorbers,1985,453,4
127-1,Train Set,1969,235,365
1271-2,Traffic Police Set,1956,372,6
128-1,Taxi Station,1979,390,33
128-2,Mobile Crane (Train Base),1972,235,23
128-3,Mobile Crane (Plate Base),1971,235,38
1300-1,Lego Mosaik Set (Small),1955,370,47
130-1,Wagon with Double Tippers,1972,235,20
1306-1,VW Garage,1957,372,45
1307-1,VW Auto Showroom,1957,372,51
1308-1,Fire Station,1957,372,109
1309-1,Church,1957,372,150
13-1,Gray Space Elements,1981,452,10
1310-1,ESSO Filling Station,1956,372,96
131-1,Passenger Coach,1972,235,66
1314-1,Stop bush / Small pulley,1987,1,210
1315-1,Piston Rod,1987,1,50
1316-1,Connector peg,1987,1,150
1317-1,TECHNIC Chainlinks,1987,1,350
1318-1,Gears Small,1987,1,68
1319-1,Gears Large,1987,1,22
13-2,Large Pre-School Basic Set,1973,433,92
1320-1,Differential and Bevel Gears,1987,1,32
132-1,Cottage,1979,390,115
1321-1,Worm Gear and Racks,1987,1,22
132-2,Port Crane and Flat Waggon,1972,235,58
1322-1,"Pulleys, Tires, and Steering Wheels",1987,1,32
1323-1,Hubs and Tyres,1985,524,24
1324-1,Rubber Bands and String,1985,1,101
1325-1,Assorted Spare Axles,1987,1,68
1326-1,"Spare Axles, 12L",1987,1,28
1327-1,Red/Black Plates,1985,524,48
1328-1,Red/Black Plates,1985,524,32
1329-1,Red/Black Plates,1985,525,28
13-3,Train Motor Plate with Buffers,1977,456,5
1330-1,Red/Black Plates,1985,525,20
133-1,Locomotive (Push),1975,235,81
1331-1,Red/Blue Bricks,1985,525,88
1332-1,Red/Blue Beams,1985,525,18
1333-1,Red/Blue Beams,1985,525,20
1334-1,Motors (4.5V),1985,525,2
1335-1,Battery Boxes (4.5v),1985,525,2
1336-1,Pole Reverser Switches for Battery Box,1985,1,2
1337-1,Connecting Leads,1985,1,18
1338-1,Angles Swivels Turntables,1985,524,72
1339-1,TECHNIC parts,1987,1,20
1340-1,Weight Bricks,1987,1,18
134-1,Mobile Crane and Waggon,1975,235,55
1341-1,Building Plates Green,1985,524,3
134-2,Service Station,1979,390,84
1342-1,Electric Switches and Tiles,1986,525,7
1343-1,Optosensors (4.5V) and Discs,1986,525,4
1344-1,Light Bricks (4.5V),1986,524,12
1345-1,"Pinions, Connectors, and Axles",1986,1,52
1346-1,Touch Sensors,1987,1,2
1347-1,Leads (4.5V) Spirals,1987,524,42
1348-1,Base Plates Grey,1987,524,3
135-1,Building Set,1973,469,338
136-1,Tanker Waggon (Shell),1975,235,81
137-1,Hospital,1979,391,104
137-2,Passenger Sleeping Car,1975,235,81
138-1,Electronic Train,1969,235,107
139-1,Electronic Control Unit (Forward/Backward - Stop),1969,243,13
139A-1,Electronic Control Unit (Forward - Stop),1969,243,13
140-1,Town Hall,1979,390,135
140-2,Bricks'n Motor Set,1969,469,96
14-1,Space Mini Figures,1982,452,24
14-3,Small house set,1973,433,0
14-4,Train Motor Plate with Coupler,1977,456,1
145-1,Building Set,1974,469,412
146-1,Level Crossing,1976,235,68
1467-1,Shell Race Car,1987,82,46
1468-1,Shell Tanker,1987,76,39
1469-1,Helicopter,1986,466,39
1470-1,Shell Station,1987,76,32
147-1,Refrigerated Car with Forklift,1976,235,112
1472-1,Holiday Home,1987,69,359
148-1,Central Station,1975,235,292
1484-1,Weetabix Town House,1987,69,215
1489-1,Mobile Car Crane,1989,85,175
1490-1,Town Bank,1988,85,195
149-1,Fuel Refinery,1976,235,340
1495-1,Basic Building Set Trial Size,1988,467,26
1496-1,Rally Car,1987,82,52
1497-1,Rally and Pitcrew Team,1987,82,124
1498-1,Spy-Bot,1987,130,63
1499-1,Twin Starfire,1987,130,89
150-1,Straight Track,1966,243,25
1506-1,Town Value Pack,1986,67,2
1507-1,Space Value Pack,1986,130,2
1509-1,Town Value Pack,1987,82,2
15-1,Castle Mini Figures,1984,447,38
1510-1,Space Value Pack,1987,130,2
151-1,Curved Track,1966,243,25
1512-1,Denken mit Lego (Thinking with Lego 250pcs),1972,517,250
1512-2,Basic Set with Storage Case,1985,467,103
1513-1,Denken mit Lego (Thinking with Lego 900pcs),1972,517,901
1513-2,Basic Building Set Gift Item,1989,467,71
1514-1,Basic Building Set Trial Size,1988,467,46
1515-1,Town Value Pack,1989,82,2
1516-1,Theater with Play-Scenes,1987,390,21
1517-1,Race Car,1989,82,32
1518-1,Race Car Repair,1989,82,79
15-2,Large House Set,1973,433,157
1520-1,Basic Set with Storage Case,1985,467,215
152-1,Two Train Wagons,1966,235,22
1521-1,Basic Building Set Trial Size,1989,467,24
1522-1,Basic Building Set Trial Size,1989,467,44
1523-1,Basic Set Trial Size,1986,467,27
1524-1,Basic Set Trial Size,1986,467,38
1525-1,Container Lorry,1986,70,153
1526-1,Space Radar Buggy,1986,130,105
1528-1,Dragster,1986,82,29
153-1,Large Train Wagon,1966,235,15
154-1,Switch Track - 1 Right and 1 Left,1967,243,4
1544-1,Duplo Medium Bucket,1988,505,57
1546-1,Airplane,1985,466,31
1550-1,Sterling Super Caravelle,1972,412,49
155-1,"2 Cross Rails, 8 Straight Tracks, 4 Base Plates",1967,243,14
1551-1,Chick,1985,229,6
1551-2,Sterling Luggage Carrier,1972,412,49
1552-1,Maersk Line Container Truck,1985,70,377
1552-2,Sterling Boeing 727,1974,412,45
1554-1,Silja Line Ferry,1986,471,175
1555-1,Santa Claus,1986,227,19
1555-2,Sterling Airways Biplane,1978,412,44
1556-1,Christmas Hearts,1986,227,10
1557-1,Scooter,1986,130,26
1558-1,Mobile Command Trailer,1986,130,68
1560-2,Lufthansa Boeing 727,1976,412,44
1560-3,Crest Basic Building Set,1985,467,27
156-1,2 Signals with Automatic Stop / Go Attachment,1968,243,6
1561-2,Lufthansa Flight Crew,1976,364,60
156-2,Straight Track,1976,243,25
1562-2,Basic Building Set,1985,467,36
1562-3,Lufthansa Double-Decker,1976,412,50
157-1,Curved Track,1976,243,25
157-2,Automatic Direction Changer,1969,243,7
1572-1,Super Tow Truck,1986,85,79
157-3,Four Car Auto Transport,1970,423,65
1575-1,Finnjet Ferry,1977,471,507
1575-2,Basic Set with Board Game,1987,467,240
1577-1,Medium Bucket,1988,467,217
1580-1,Lunar Scout,1986,130,70
1580-2,Silja Line Ferry,1977,471,413
158-1,Railroad Crossing Gate,1969,243,7
1581-1,Silja Line Ferry,1981,471,181
1584-1,Knights Challenge,1988,199,168
1588-1,Basic Set,1987,467,27
1589-1,Town Square,1978,85,441
1589-2,TCS Breakdown Assistance,1986,85,258
1590-2,ANWB Breakdown Assistance,1982,85,262
159-1,"Crossover, Straight Rails",1976,243,25
1591-1,Danone Truck,1980,75,40
1592-1,Town Square - Castle Scene,1980,85,495
1592-2,Town Square - Castle Scene (Dutch Version),1983,85,495
1593-1,Super Model,1983,130,314
1598-1,Basic Set,1987,467,38
1599-1,Britannia Airways,1987,466,102
160-1,Magnetic Couplings,1968,243,6
1601-1,Conveyance,1976,416,187
1602-1,Giraffe,1987,467,16
1604-1,Lion,1987,467,17
1605-1,Snail,1987,467,14
1606-1,Car,1987,467,23
1607-1,Helicopter,1987,466,26
1608-1,{Aeroplane},1987,466,24
1609-1,Ship,1987,467,31
16-1,Transparent Bricks,1988,443,32
1610-2,Martinair Cessna,1978,412,82
161-1,Battery Wagon with Signal and Direction - Changing,1972,243,7
1611-2,Martinair DC-9,1978,412,63
1612-1,Race Car,1988,82,30
1613-1,Basic Set in Bucket,1987,467,375
1616-1,Space Combi-Pack,1989,132,2
1617-1,Small Bucket,1988,467,155
1619-1,Storage Bucket,1986,469,260
1620-2,Factory,1978,75,233
162-1,Locomotive without Motor,1977,235,210
1625-1,Snowman,1989,227,40
1626-1,Angel,1989,227,33
1627-1,Santa,1989,227,36
1628-1,Santa on Sleigh with Reindeer,1989,227,63
163-1,Cargo Wagon,1977,235,127
164-1,Passenger Wagon,1978,235,145
1642-1,"Lego Motion 3B, Sea Eagle",1989,468,15
1643-1,"Lego Motion 2B, Lightning Striker",1989,468,16
1644-1,"Lego Motion 4A, Wind Whirler",1989,468,17
1645-1,"Lego Motion 1A, Gyro Bird",1989,468,19
1646-1,"Lego Motion 3A, Land Laser",1989,468,17
1647-1,"Lego Motion 1B, Turbo Force",1989,468,14
1648-1,"Lego Motion 2A, Swamp Stinger",1989,468,16
1649-1,"Lego Motion 4B, Sea Skimmer",1989,468,17
1650-1,Maersk Line [Promotional Container Ship],1974,363,218
165-1,Cargo Station,1978,235,267
1651-2,Maersk Line Container Truck,1980,70,305
1655-1,Viking Line Ferry,1985,471,175
1656-2,Viking Line Ferry,1982,471,171
1658-1,Viking Line Ferry,1982,471,201
166-1,Flat Wagon,1978,235,51
1661-2,Basic Building Set in Bucket,1989,467,418
1662-1,Basic Building Set in Bucket,1989,467,630
1663-1,Basic Building Set in Bucket,1989,467,451
167-1,Loading Ramp and Car Transport Wagon,1978,235,100
1-7,Basic Set,1973,469,107
170-1,Push Along Play Train,1972,235,87
171-1,Complete Train Set Without Motor,1972,235,146
1-8,Little House Set,1970,433,67
180-1,Train with 5 Wagons and Circle of Track,1972,235,220
181-1,"Complete Train Set with Motor, Signals and Switch",1972,235,143
182-1,Train Set with Signal,1975,235,368
183-1,Complete Train Set with Motor and Signal,1976,235,186
1898-1,Weetabix Dragster,1989,82,27
1899-1,Weetabix Racer,1989,82,24
190-1,Farm Set,1974,364,526
1901-2,Mini Basic Set,1984,469,36
1905-1,Mini Basic Set,1982,469,36
1910-1,Promo Basic Set,1982,469,88
1911-1,Basic Set,1983,469,34
1912-1,"LEGO Building Set A, Car",1983,468,20
1913-1,"LEGO Building Set B, Boat",1983,468,27
1914-1,"LEGO Building Set C, Helicopter",1983,468,20
1915-1,"LEGO Building Set D, Aircraft",1983,468,20
19-2,Locomotive Piston Assemblies,1977,456,6
1920-1,Promo Basic Set,1982,469,119
192-1,Policemen,1977,364,86
1922-2,Basic Building Set,1983,469,60
1923-1,Viking Line Ferry,1989,471,184
1924-1,Motorcycle,1983,13,103
1929-1,Guardsman,1988,468,13
1932-1,Basic Building Set + Storage Case,1984,469,82
194-1,Family,1976,364,94
1944-1,Basic Set with Storage Case,1983,469,142
195-1,Airplane,1975,364,89
1952-1,Dairy Tanker,1989,75,128
1953-1,Mouse,1989,468,14
1954-2,Basic Set with Storage Case,1984,469,141
1960-2,Special Value 96 pieces (Canadian Set),1985,467,104
196-1,Antique Car,1975,364,115
1962-1,Basic Building Set,1985,467,219
1963-1,Basic Set with Storage Case,1986,467,221
1964-1,Basic Building Set,1985,467,27
1965-1,Basic Building Set,1985,469,38
1966-1,Car Repair Shop,1985,85,300
1967-1,System Bonus Pack,1985,559,5
1967-2,Town Value Pack,1985,85,3
1968-1,Space Express,1985,130,183
1969-2,Space Value Pack,1985,130,3
197-1,Farm Vehicle and Animals,1976,364,120
1972-1,Go-Cart,1985,12,98
1973-1,Emirates Airliner,1989,68,138
1974-1,Legoland Triple Pack,1989,559,3
1974-2,Flyercracker USA,1989,68,74
1974-3,Smuggler's Hayride,1989,194,50
1974-4,Star Quest,1989,132,37
1976-1,Town 3-Pack,1984,67,3
1977-1,Space Value Pack,1983,130,3
1978-2,Town Value Pack,1983,67,3
1979-2,Town Value Pack,1984,67,3
198-1,Cowboys,1977,364,39
1983-1,Space Value Pack,1984,130,3
199-1,Scooter,1977,364,41
1997-1,Town Value Pack,1985,67,3
1999-1,Space Value Pack,1985,130,3
200-1,Family,1974,364,78
200-2,Building Ideas Book,1985,501,0
200-3,"LEGO Town Plan Board, Plastic",1957,372,1
200-4,"LEGO Town Plan Board, Continental European Cardboard Version",1959,372,1
200-5,"LEGO Town Plan Board, UK / Australian Cardboard Version",1962,372,1
200A-1,LEGO Town Plan Wooden Board,1957,372,1
200M-1,LEGO Town Plan Wooden Board,1957,372,1
20-1,Universal Building Set,1976,469,217
205-2,Universal Figure Set,1978,364,118
2070-1,Ring Me Rabbit,1987,504,3
208-1,Mother with Baby Carriage,1978,364,46
2-1,Extra Large Tires & Hubs,1982,1,4
2-10,Mini-Wheel Model Maker No. 2,1971,423,63
210-1,Cowboys,1976,364,39
210-2,Small Store Set,1958,372,30
2-11,Medium Basic LEGO Set,1976,433,130
211-1,Mother and Baby with Dog,1976,364,44
211-2,Small House Set,1958,372,19
21-2,Truck,1971,433,33
212-1,Small House - Left Set,1958,372,21
212-2,Scooter,1976,364,41
213-1,Airplane Ride,1977,364,44
213-2,Small House - Right Set,1958,372,21
214-1,Road Repair,1977,364,64
214.10-1,"1 x 2 x 4 Glass Door in Frame, Left",1961,371,26
214.1-1,1 x 6 x 3 Window with Frame,1961,371,12
214-2,"Ten Windows and Doors, Red",1958,371,10
214.2-1,1 x 6 x 2 Triple-Pane Window in Frame,1961,371,16
214-3,"Ten Windows and Doors, White",1958,371,10
214.3-1,1 x 6 x 2 Double-Pane Window in Frame w/Shutters,1961,371,16
214.4-1,1 x 4 x 2 Window in Frame,1961,371,18
214.5-1,1 x 3 x 2 Window in Frame,1961,371,24
214.6-1,1 x 2 x 2 Window in Frame,1961,371,15
214.7-1,1 x 1 x 2 Window Frame,1961,371,38
214.8-1,1 x 2 x 1 Window Frame,1961,371,38
214.9-1,1 x 1 x 1 Window Frame,1961,371,40
215-1,Red Indians,1977,364,81
215-2,2 x 8 Bricks,1958,371,30
216-1,2 x 10 Bricks,1958,371,25
217-1,Service Station,1977,364,210
217-2,4 x 4 Corner Bricks,1958,371,30
218-1,Firemen,1977,364,277
218-2,2 x 4 Bricks,1958,371,78
219-1,2 x 3 Bricks,1958,371,90
220-1,2 x 2 Bricks,1958,371,120
22-1,Car,1971,433,47
221-1,Idea Book #1,1973,497,0
221-2,1 x 2 Bricks,1958,371,156
222-1,Building Ideas Book,1976,501,0
222-2,1 x 1 Bricks,1958,371,240
223-2,1 x 1 Round Bricks,1958,371,160
224-1,2 x 2 & 2 x 4 Curved Bricks,1956,371,14
224-3,2 x 2 Curved Bricks,1958,371,120
225-1,1 x 6 and 1 x 8 Bricks,1958,371,54
226-1,8 Named Beams,1958,371,8
226-2,Idea Book,1981,497,0
227-1,4 x 8 Curved & 2 x 8 Plates,1958,371,5
228-1,4 x 8 & 2 x 8 Plates,1958,371,5
229-1,6 x 8 & 2 x 8 Plates,1958,371,4
229.1-1,2 x 8 Plates,1962,371,8
230-1,Hairdressing Salon,1978,405,227
230-2,Six Trees and Bushes,1958,371,6
23-1,Delivery Truck Set,1971,433,64
231-1,Hospital,1978,405,400
231-2,Esso Pumps/Sign,1956,371,2
2312-1,Duplo Supplementary Bricks,1987,505,39
232-1,Bungalow,1978,405,472
232-2,16 Road Signs,1958,371,16
233-1,Light Masts,1958,371,4
234-1,Letter Bricks,1958,371,50
235-1,Garage Plate and Door (White Base and Door Frame),1958,371,3
235-2,Garage Plate and Door (Gray Base and Door Frame),1968,371,5
236-1,Garage with Automatic Door (White base and door frame),1956,372,69
236-2,Garage and Van,1957,372,69
236-3,Garage with Automatic Door (Gray base and door frame),1968,372,59
237-1,Number Bricks,1960,371,50
238-1,Lego System Idea Book no. 1,1960,497,0
238-2,Lego System Idea Book (by Samsonite),1961,497,0
238-3,Lego System Idea Book no. 1,1962,497,0
238-4,Lego System Ideas Book no. 2,1962,497,0
238-5,Lego System Ideas Book no. 2,1963,497,0
238-6,Lego System Idea Book,1963,497,0
238-7,So Bauen Wir Mit LEGO,1963,497,0
238-8,Lego System Ideas Book No. 3,1964,497,0
238-9,Lego System Idea Book (by Samsonite),1964,497,0
239-1,Wir bauen mit Lego Idea Book,1966,497,0
239-2,Das gro√üe Lego-Buch Idea Book,1968,497,0
240-1,"Wooden Storage Box Large, Empty",1967,383,-1
240-2,Idea Book,1967,497,0
24-1,Minitalia Train,1971,433,77
241-1,4.5v Idea Book,1969,497,0
242-1,International Flags,1958,371,5
242.1-1,6 International Flags -1-,1963,371,6
242-2,5 Danish Flags,1958,371,5
242.2-1,6 International Flags -2-,1963,371,6
242.3-1,6 International Flags -3-,1963,371,6
242A-1,"International Flags - Italy, Switzerland, Belgium, Germany, Netherlands",1961,371,5
242B-1,"International Flags - Britain, France, Austria, Portugal, LEGO",1961,371,5
242I-1,International Flags,1958,371,5
245-1,Lighting Device Pack,1958,371,3
245-2,Two Santas and Tree,1978,227,39
246-2,Santa with Sleigh and Reindeer,1977,227,68
248-2,Factory With Conveyor Belt,1971,416,208
250-1,Idea Book 250,1987,497,1
250-3,Aeroplane and Pilot,1974,364,89
251-1,Windmill with Miller and his Wife,1974,364,90
252-1,Locomotive with Driver & Passenger,1974,364,115
253-2,Helicopter and Pilot,1975,364,49
254-1,Family,1975,364,94
255-2,Farming Scene,1975,364,120
256-1,Police Officers and Motorcycle,1976,364,85
258-1,Zoo with Baseboard,1976,364,472
260-3,Complete Living Room Set,1971,405,177
261-1,Bathroom,1979,405,179
261-4,Complete Kitchen Set,1971,405,157
2617-1,Tow Truck,1989,504,4
262-2,Complete Children's Room Set,1972,405,259
263-1,Kitchen Set,1974,405,173
2636-1,Tow Truck,1984,504,2
264-1,Living Room Set,1974,405,241
2649-1,Sea Explorer,1984,504,41
265-1,Bathroom,1974,405,147
266-1,Child's Bedroom,1974,405,147
268-1,Family Room,1979,405,251
269-1,Kitchen,1979,405,210
2-7,Basic Set,1973,469,139
270-2,"Grandfather Clock, Chair and Table",1973,405,46
271-1,Baby's Cot and Cabinet,1973,405,48
271-2,Traffic Police Set,1958,372,6
27-2,Train Contact Bricks,1977,456,2
272-1,Dressing Table with Mirror,1973,405,31
273-1,Bureau,1973,405,23
274-1,Colour T.V. and Chair,1974,405,45
275-1,Table and Chairs,1974,405,63
276-1,Doctor's Office,1977,405,94
277-1,Fireplace,1977,405,86
278-1,Television Room,1978,405,107
2-8,Medium House Set,1970,433,109
280-1,"Sloping Roof Bricks, Red",1958,371,14
280-2,"Sloping Roof Bricks, Blue",1958,371,14
28-1,Train Contact Plate with Cables,1977,456,2
281-1,"1 x 2 and 3 x 2 Sloping Bricks, Red",1959,371,21
281-2,"1 x 2 and 3 x 2 Sloping Bricks, Blue",1959,371,21
282-1,"2 x 2 Sloping Roof Bricks, Red",1958,371,22
282-2,"2 x 2 Sloping Roof Bricks, Blue",1958,371,22
283-1,"Sloping Ridge and Valley Bricks, Red",1957,371,20
283-2,"Sloping Ridge and Valley Bricks, Blue",1957,371,20
290-2,Dining Suite,1973,405,113
29-1,4.5V Motor,1977,453,1
291-1,Blackboard and School Desk,1973,405,88
292-1,Kitchen Sink and Cupboards,1973,405,51
293-1,Piano,1973,405,89
294-1,Wall Unit,1974,405,58
295-1,Secretary's Desk,1974,405,80
296-1,Ladies' Hairdressers,1977,405,163
297-1,Nursery,1978,405,168
300-1,T-Junction Road Plates,1978,84,2
30-1,Universal Building Set,1976,469,200
301-1,Curved Road Plates,1978,84,2
30-2,Small Ship Set,1973,433,26
302-1,Straight Road Plates (without crosswalk),1983,84,2
302-2,Straight Road Plates (with crosswalk),1978,84,2
303-1,Basic Building Set,1987,467,33
303-2,Aeroplane,1964,374,46
304-1,Basic Building Set,1985,467,31
304-2,Tractor & Trailer,1964,375,82
305-1,Two Crater Plates,1979,143,2
305-2,Fire Engine,1964,376,170
306-1,Two Lunar Landing Plates,1979,143,2
306-2,VW Garage,1958,372,45
307-2,VW Auto Showroom,1958,372,51
308-1,Bracelet Sympathy,1979,404,40
308-2,Basic Building Set,1985,467,34
308-3,Fire Station,1958,372,109
309-1,Bracelet Spring,1979,404,38
309-2,Church,1958,372,149
310-3,Tug,1973,363,45
310-4,Basic Building Set,1985,467,46
310-5,ESSO Filling Station,1958,372,96
311-1,Ferry,1973,363,82
311-3,Basic Set,1984,469,34
311-4,Airplanes,1961,374,79
31-2,Medium Ship Set,1973,453,21
312-3,Tanker,1973,363,111
312-4,Boats,1961,377,107
313-1,London Bus,1966,378,140
314-1,Police Boat,1976,363,52
314-2,Large & Small Wheels & Turn-Table,1963,379,35
315-2,Container Transport,1976,363,84
315-3,European Taxie,1963,378,48
316-1,Fire Fighter Ship,1978,363,141
316-2,Farm Tractor,1963,375,49
317-1,Truck,1963,378,125
317-2,Basic Building Set,1987,467,68
318-1,Windmill Set,1963,367,153
319-1,Truck with Trailer,1965,378,74
320-1,Basic Building Set,1985,467,78
320-2,Airplane,1965,374,120
321-1,Clowns,1965,366,223
32-2,Large Ship Set,1973,433,57
322-1,Basic Set,1981,469,82
322-2,Town House,1964,367,171
322-3,Basic Building Set + Storage Case,1983,469,2
323-1,Train,1964,380,253
324-1,Ricky Racoon on his Scooter,1979,390,2
324-2,House with Garage,1964,367,174
325-2,Percy Pig's Wheelbarrow,1979,390,4
325-3,Shell Service Station,1966,367,101
326-1,Small Cottage,1965,367,63
327-1,Basic Building Set,1987,467,107
328-1,Moe Mouse's Roadster,1979,390,23
328-2,Biplane,1967,374,44
329-1,Antique Car,1967,378,111
329-2,Bernard Bear and Pickup Truck,1979,390,27
330-1,Basic Building Set,1985,467,158
330-2,Gas Station,1978,364,211
330-3,Jeep,1968,378,65
331-1,Dump Truck,1967,381,45
332-1,Tow Truck,1967,378,56
333-1,Basic Set,1981,469,100
333-2,Delivery Truck,1967,382,68
334-1,Truck with Flatbed,1967,382,72
335-2,Transport Truck,1967,382,99
336-1,Fire Engine,1968,376,76
337-1,Basic Building Set,1987,467,225
337-2,Truck with Crane and Caterpillar Track,1969,381,92
338-1,Ambulance,1970,420,74
338-2,Blondi the Pig and Taxi Station,1979,390,33
3-4,Basic Set,1973,469,191
340-1,Basic Building Set,1985,467,220
340-2,Fire Trucks,1978,364,277
340-3,Railroad Control Tower,1968,367,74
341-1,Warehouse,1968,367,123
341-2,Cathy Cat's & Morty Mouse's Cottage,1979,390,115
342-1,Station,1968,367,191
343-1,Train Ferry,1968,377,147
344-1,Bungalow,1969,413,77
344-2,Service Station,1979,390,84
345-1,House with Mini Wheel Car,1969,413,132
346-1,Jumbo Jet,1970,412,117
346-2,House with Car,1969,413,167
347-1,Fire Station with Mini Cars,1970,417,205
347-2,Basic Building Set,1987,467,330
347-3,Doc David's Hospital,1979,391,100
348-1,Garage with Automatic Doors,1971,413,38
349-1,Swiss Chalet,1971,413,81
350-1,Spanish Villa,1971,413,126
350-2,Basic Building Set,1985,467,315
350-3,Town Hall with Leonard Lion & Friends,1979,390,134
35-1,Screws for Motor Case,1977,443,2
351-1,Loader Hopper with Truck,1971,416,170
352-1,Windmill and Lorry,1972,413,142
353-1,Terrace House with Car and Garage,1972,413,153
354-1,Police Heliport,1972,421,173
355-1,Town Center Set with Roadways,1972,413,332
355-2,Basic Set,1981,469,160
356-1,Swiss Villa,1973,413,150
356-2,Basic Building Set with Storage Case,1987,467,331
357-1,Fire Station,1973,417,236
358-1,Rocket Base,1973,422,276
359-1,Environment Plate,1972,473,1
3-6,Medium House Set,1970,433,158
360-1,Gravel Quarry,1974,416,211
3601-1,Elton Elephant,1981,390,7
3602-1,Bianca Lamb and Stroller,1980,390,4
3603-1,Boris Bulldog and Mailbox,1981,392,4
3604-1,Marc Monkey and Wheelbarrow,1980,390,4
3605-1,Ricky Racoon and his Scooter,1980,390,2
361-1,Tea Garden Cafe with Baker's Van,1974,413,214
361-2,Garage,1979,85,79
3615-1,Percy Pig's Wheelbarrow,1981,390,4
362-1,Windmill,1975,413,211
3622-1,Rowboat,1988,393,14
3623-1,Beauty Salon,1988,390,25
3624-1,Flower Car,1985,390,27
3625-1,Aeroplane,1985,394,9
3626-1,Roger Raccoon's Sports Car,1983,390,17
3627-1,Bonnie Rabbit's Flower Truck,1983,390,24
3628-1,Perry Panda & Chester Chimp,1981,390,5
3629-1,Barney Bear,1981,390,17
3630-1,Sports Airplane,1984,394,9
363-1,Hospital with Figures,1975,420,229
3631-1,Orchestra,1985,390,27
3633-1,Motor Boat,1986,393,14
3634-1,Charlie Crow's Carry-All,1980,390,18
3635-1,Bonnie Bunny's Camper,1981,390,31
3636-1,Bedroom,1987,390,21
3637-1,Gertrude Goat's Painter's Truck,1983,390,15
3638-1,Buster Bulldog's Fire Engine,1983,395,17
3639-1,Police Car,1984,396,12
364-1,Harbour Scene,1975,419,515
3641-1,Car & Camper,1985,390,25
3642-1,Fire Engine,1985,395,18
3643-1,Police Car,1985,396,12
3644-1,Mayor's Car,1986,390,11
3645-1,Classroom,1987,390,26
3646-1,Kitchen,1988,390,54
3647-1,School Room,1989,390,44
365-1,Wild West Scene,1975,397,591
3654-1,Country Cottage,1982,390,44
3659-1,Play Ground,1987,390,17
3660-1,Fisherman's Cottage,1985,390,28
366-1,Basic Set,1981,469,184
3662-1,Bus,1987,390,33
3663-1,Max Mouse's Carousel,1989,390,22
3664-1,Police Station,1984,396,63
3665-1,Ice Cream with Scooter,1980,390,38
3666-1,Petrol Station,1982,390,29
3667-1,Bakery,1982,390,63
3668-1,Merry-Go-Round,1986,390,48
3669-1,Fire & Police Station,1982,390,32
3670-1,Service Station,1984,390,54
367-1,Moon Landing,1975,422,363
3671-1,Airport,1984,394,55
3672-1,Hotel / Restaurant,1982,390,60
3673-1,Steamboat,1985,393,64
3674-1,Bonnie Bunny's New House,1987,390,41
3675-1,General Store,1987,390,106
3676-1,Catherine Cat's Fun Park,1989,390,42
3678-1,The Fabuland House,1982,390,114
3679-1,Mill with Shop,1986,390,80
3680-1,Camping Caravan,1988,390,24
368-1,Taxi Station,1976,413,157
3681-1,Amusement Park,1985,390,104
3682-1,Fire Station,1987,395,153
3683-1,Amusement Park,1988,390,91
369-1,Coast Guard Station,1976,415,273
370-1,Police Headquarters,1976,421,300
3701-1,Fisherman Cornelius Cat,1982,390,3
3703-1,Peter Pig the Cook,1982,390,3
3704-1,Marjorie Mouse,1982,390,3
3706-1,Elmer Elephant,1982,390,3
3707-1,Clover Cow,1982,390,3
3708-1,Rufus Rabbit,1982,390,4
3709-1,"Henry Horse, Carpenter",1983,390,3
3710-1,Peter Panda Takes a Bath,1983,390,3
371-1,Tipper Truck,1971,416,47
3711-1,Pierre Pig and His Tuba,1984,390,5
371-2,Motorized Truck Set,1967,301,314
3712-1,Robby Rabbit and Accordion,1984,390,5
371-3,Seaplane,1977,412,115
3713-1,Drummer Gabriel Monkey,1984,390,8
3714-1,Bricklayer Oscar Orangutan,1985,390,7
3715-1,Flower Stand,1985,390,20
3716-1,Office,1985,390,9
3717-1,Fisherman,1985,390,10
3718-1,Small Cafe,1986,390,5
3719-1,Bus Stop,1987,390,5
372-1,Texas Rangers,1977,397,248
3721-1,Clive Crocodile on Skateboard,1988,390,11
372-2,Tow Truck,1971,397,53
373-1,Offshore Rig with Fuel Tanker,1977,418,459
373-2,Ambulance,1971,420,65
374-1,Fire Station,1978,74,334
374-2,Fire Engine,1971,417,73
375-2,Castle,1978,189,776
375-3,Refrigerator Truck and Trailer,1971,397,127
376-1,Low-Loader with Excavator,1971,416,91
376-2,Town House with Garden,1978,69,244
377-1,Shell Service Station,1978,76,190
377-2,Crane with Float Truck,1971,416,90
378-1,Tractor,1972,397,36
3781-1,Maximillian Mouse,1982,390,5
3782-1,Photographer Patrick Parrot,1982,390,5
3784-1,Hugo Hog the Tinker,1982,390,5
3786-1,Buzzy Bulldog the Postman,1982,392,7
3787-1,"Hannah Hippopotamus, Gardener",1983,390,13
3788-1,Paulette Poodle's Living Room,1983,390,15
3789-1,Police Motorcycle,1984,396,7
379-1,Bus Station,1979,85,177
3791-1,William Walrus,1984,390,7
379-2,Car and Caravan,1972,397,93
3792-1,Bedroom,1985,390,16
3793-1,Buzzy Bulldog's Mailbox,1985,392,11
3794-1,Police Motorcycle,1985,396,16
3795-1,Kitchen,1985,390,26
3796-1,Small Bakery,1986,390,31
3797-1,Fire Chief Barty Bulldog,1987,395,9
3798-1,Hanna's Garden,1988,390,25
3-8,Mini-Wheel Model Maker No. 3,1971,423,65
380-1,Village Set,1971,413,7
381-1,Lorry and Fork Lift Truck,1973,416,86
381-2,Police Headquarters,1979,80,372
382-1,Breakdown Truck and Car,1973,397,91
383-1,Truck with Excavator,1973,416,102
383-2,Knight's Tournament,1979,189,210
384-1,London Bus,1973,397,110
385-1,Jeep CJ-5,1976,397,58
386-1,Helicopter and Ambulance,1976,420,142
387-1,Excavator and Dumper,1976,416,159
390-1,Helicopter,1986,467,24
390-2,1913 Cadillac,1975,404,199
39-1,Motor Gearbox,1977,443,1
391-1,1926 Renault,1975,404,236
391-2,Police Car,1986,467,22
392-1,Formula 1,1975,404,196
392-2,Fire Engine,1986,467,30
393-1,Norton Motorcycle,1976,404,133
393-2,Tow Truck,1986,467,29
394-1,Harley-Davidson 1000cc,1976,404,142
395-1,1909 Rolls-Royce,1976,404,283
396-1,Thatcher Perkins Locomotive,1976,404,433
398-1,U.S.S. Constellation,1978,404,973
400-1,Universal Building Set,1977,469,317
400-3,Small Wheels with Axles (The Building Toy),1966,371,12
400-4,Small Wheels with Axles (System),1963,371,12
4005-1,Tug Boat,1982,363,65
40-1,Universal Building Set,1976,469,293
4010-1,Police Rescue Boat,1987,363,82
401-2,Large Wheels with Axles (The Building Toy),1966,371,7
401-3,Large Wheels with Axles (System),1964,371,7
4015-1,Freighter,1982,363,80
4020-1,Fire Fighting Boat,1987,363,206
402-1,Universal Building Set,1977,469,401
402-2,White Turntables,1964,371,5
402-3,White Turntables,1966,371,5
4025-1,Fire Boat,1982,363,150
4030-1,Cargo Carrier,1987,363,323
403-2,Train Couplers and Wheels (The Building Toy),1967,371,12
403-3,Train Couplers and Wheels (System),1966,371,12
404-1,Universal Building Set,1977,469,471
404-3,Wheels for Motor (The Building Toy),1967,371,12
404-4,Wheels for the Motor (System),1967,371,12
409-1,38 Slimbricks Assorted Sizes (The Building Toy),1965,371,114
410-1,Payloader,1973,416,28
41-1,Train Wagon Wheels in Red,1977,456,4
414-3,"Windows Parts Pack, Red (The Building Toy)",1966,371,10
414-4,"Windows Parts Pack, White (The Building Toy)",1966,371,10
414-5,"Windows Parts Pack, Red (System)",1966,371,10
414-6,"Windows Parts Pack, White (System)",1966,371,10
415-1,5 Sixteens and 4 Twenties (System),1966,371,27
416-1,4 Sixteens 2 Twenties (The Building Toy),1966,371,18
417-3,Cornerbricks (The Building Toy),1966,371,10
417-4,Cornerbricks (System),1966,371,20
418-2,2 x 4 Bricks (The Building Toy),1966,371,65
418-3,2 x 4 Bricks (System),1966,371,126
419-2,2 x 3 Bricks (The Building Toy),1966,371,75
419-3,2 x 3 Bricks (System),1966,371,150
420-1,Police Car,1973,421,19
420-3,2 x 2 Bricks (The Building Toy),1966,371,100
420-4,2 x 2 Bricks (System),1966,371,198
42-1,Motor Case / Lower Part,1977,443,1
421-1,1 x 2 Bricks,1966,371,176
421-2,2 eights 2 sixes 2 fours 8 twos 6 ones (The Building Toy),1966,371,20
422-1,"1 x 1, 1 x 2, 1 x 4, 1 x 6, 1 x 8 Bricks",1966,371,28
423-3,Curved and Round Bricks (The Building Toy),1966,371,84
425-1,Fork Lift,1976,416,21
426-1,7 Named Beams (The Building Toy),1966,371,7
427-1,8 Plates 2 x 8 (The Building Toy),1966,371,8
428-1,5 Plates 4 x 8 (The Building Toy),1966,371,5
429-1,4 Plates 6 x 8 (The Building Toy),1966,371,4
4-3,Basic Set,1973,469,234
430-1,Biplane,1975,412,18
430-2,Six Trees and Bushes (The Building Toy),1966,371,6
4306-1,Rings,1980,404,15
431-1,Gas Station (The Building Toy),1966,371,13
432-1,Road Signs (The Building Toy),1966,371,8
433-1,6 Street Lamps with Curved Top (The Building Toy),1966,371,6
4336-1,Picture Frame and Mirror,1980,279,48
434-1,50 lettered bricks (The Building Toy),1966,371,50
435-1,Tipper Truck,1976,416,23
435-2,Garage Plate and Door (The Building Toy),1966,371,3
437-1,50 numbered bricks (The Building Toy),1966,371,50
4-4,Large House Set,1970,433,218
442-1,Space Shuttle,1979,130,39
442A-1,6 International Flags (The Building Toy),1971,371,6
442B-1,6 International Flags (The Building Toy),1971,371,6
445-1,Police Units,1976,421,49
445-2,Lighting Device Pack (The Building Toy),1966,371,3
445A-1,Lighting Device Pack with Improved Plugs (The Building Toy),1970,371,8
450-1,Fork Lift,1973,416,42
451-1,"1 x 6 x 3 Window, Red or White",1966,371,12
452-1,Mobile Ground Tracking Station,1979,130,79
452-2,"1 x 6 x 2 Window, Red or White",1966,371,16
453-1,Two Crater Plates,1979,143,2
453-2,"1 x 6 x 2 Shuttered Windows, Red or White",1966,371,16
454-1,Two Lunar Landing Plates,1979,143,2
454-2,"1 x 4 x 2 Window, Red or White",1966,371,18
455-1,Lear Jet,1976,412,45
455-2,"1 x 3 x 2 Window, Red or White",1966,371,24
456-1,Spirit of St. Louis,1977,412,49
456-2,"1 x 2 x 2 Window, Red or White",1966,371,30
457-1,"1 x 1 x 2 Window, Red or White",1966,371,38
458-1,"1 x 2 x 1 Window, Red or White",1966,371,38
459-1,"1 x 1 x 1 Window, Red or White",1966,371,40
460-1,Rescue Units,1973,420,36
460-2,"1 x 2 x 3 Door, Red or White",1966,371,26
462-1,Mobile Rocket Launcher,1979,130,77
462-2,"2 x 8 Plates, White",1966,371,16
463-1,"4 x 8 Plates, White",1966,371,8
464-1,"6 x 8 Plates, White",1966,371,6
470-1,"1 x 1, 1 x 2, 2 x 2, 2 x 3, 2 x 4 Plates (System)",1966,371,273
471-1,Tiles (System),1966,371,156
480-1,Rescue Helicopter,1975,417,62
480-4,"Slopes and Slopes Double 2 x 4, Red (The Building Toy)",1966,371,14
480-5,"Slopes and Slopes Double 2 x 4, Blue (The Building Toy)",1966,371,14
480-6,"Slopes and Slopes Double 2 x 4, Red (System)",1966,371,23
480-7,"Slopes and Sloped Double 2 x 4, Blue (System)",1966,371,23
481-3,"Slopes and Slopes Double 2 x 3 and 2 x 1, Red (The Building Toy)",1966,371,21
481-4,"Slopes and Slopes Double 2 x 3 an 2 x 1, Blue (The Building Toy)",1966,371,21
481-5,"Slopes Regular, Double, Angle, Valley and Corner, Red (System)",1966,371,34
481-6,"Slopes Regular, Double, Angle, Valley and Corner, Blue (System)",1966,371,34
482-3,"Slopes and Slopes Double 2 x 2, Red (The Building Toy)",1966,371,22
482-4,"Slopes and Slopes Double 2 x 2, Blue (The Building Toy)",1966,371,22
483-1,Alpha-1 Rocket Base,1979,130,187
483-4,"Angle, Valley and Corner Slopes, Red (The Building Toy)",1966,371,20
483-5,"Angle, Valley and Corner Slopes, Blue (The Building Toy)",1966,371,20
485-1,Fire Truck,1976,417,60
485-2,Lighting Brick (System),1966,371,4
487-1,Space Cruiser,1979,130,172
487-2,1 x 1 Bricks with Numbers (System),1966,371,44
488-1,1 x 1 Bricks with Letters (System),1966,371,44
489-1,Traffic Signs,1966,371,14
490-1,Mobile Crane,1975,416,46
490-2,Trees and Bushes,1966,371,9
491-1,Formula 1 Racer,1977,397,67
491-2,"Shell Station Brick and Sign, 6 Named Beams",1966,371,20
492-1,Truck & Payloader,1977,416,59
492-2,Nordic and American Flags,1966,371,8
493-1,Space Command Center (Flatplate version),1979,130,193
493-2,European Flags,1966,371,8
493-3,Space Command Center (Craterplate version),1979,130,177
494-1,"Gates and Fence, Red (System)",1967,371,17
494-2,"Gates and Fence, White (The Building Toy)",1967,371,17
497-1,Galaxy Explorer,1979,130,342
5000-1,Replacement 4.5V Motor,1987,443,1
5001-1,Wheel Bushes for 4.5V Basic Motor,1987,443,4
5002-1,Rubber Chain Tracks,1987,443,2
5003-1,"Light Bricks, 4.5V",1987,443,2
5004-1,Keys for Windup Motor,1987,443,2
5005-1,Battery Box 4.5V,1987,443,1
5006-1,Replacement 2-Piece Battery Motor Housing,1987,443,2
5007-1,Basic Motor 4.5V,1987,443,1
50-1,Universal Building Set,1976,469,390
501-3,JUMBO Pull Toy,1966,369,9
502-2,Pre-School Medium Set,1968,369,8
503-1,Basic Building Set,1987,467,39
5031-1,"Propellers, Wheels, Rotor Unit",1987,443,15
503-2,Pre-School Large Set,1968,369,16
5032-1,Jack,1987,443,1
5033-1,1x4 Lighing Brick and 4 Colour Globes,1987,443,5
5034-1,1x2 Lighting Brick and 4 Colour Globes,1987,443,5
5035-1,"Town Siren, 2 x 2",1987,443,1
5036-1,"Space Siren, 2 x 2",1987,443,1
5037-1,Current Carrying Plates,1988,443,9
5038-1,9V Battery Box,1988,443,1
5039-1,Monorail Stop / Reverse Switch,1987,443,3
5040-1,Monorail 9V Motor,1988,443,1
504-1,Basic Building Set,1985,467,41
5041-1,Wire for 9V (9cm),1988,453,1
5061-1,"Connector Leads, 75cm and 25cm",1987,456,6
5062-1,Shunting Trip Posts and Signal,1987,456,4
5063-1,Power Supply Rail,1987,456,1
5064-1,Locomotive Wheels,1987,456,8
5065-1,3m Wiring and Two-Way Plug,1987,443,11
5066-1,Magnetic Train Coupler,1987,456,6
5067-1,"Rubber Wheel Rims, Grey",1987,456,8
5068-1,Motor Frame and Coupling,1987,456,5
5069-1,12V Lighting Bricks,1987,443,2
5070-1,"Wheel Sets, Black",1987,456,2
507-1,Basic Building Set,1987,467,60
5071-1,"Wheel Sets, Large, Red",1987,456,2
5072-1,"Wagonplate, 6 x 28 Studs",1987,456,1
5073-1,Light Transmitting Elements for Train Sets,1987,456,7
5074-1,"Bogie Plates, Black",1987,456,2
5075-1,"Battery Tender, Red",1987,456,2
5076-1,Plates 2 x 8,1989,443,8
5077-1,Sliding Gates and Rails,1987,443,6
5079-1,Change-Over Unit,1989,456,1
5080-1,Remote Control for Switch,1989,456,1
508-1,Basic Building Set,1985,467,66
5081-1,Remote Control for Signal,1989,456,1
5082-1,Flash Light Unit,1989,456,1
5083-1,Remote Control for Crossing,1989,456,1
5084-1,12V Light Brick,1989,443,1
5085-1,Power Supply Rail with Socket,1989,456,1
509-1,38 Slimbricks Assorted Sizes,1965,371,228
5100-1,TECHNIC Battery Box,1987,453,1
510-1,Basic Building Set,1985,467,102
5101-1,4.5v TECHNIC Motor,1987,453,1
510-2,Tiles,1965,371,156
5102-1,"Pneumatic Tube, 60 cm and 100 cm",1987,453,2
5103-1,"Pneumatic Spring Cylinder, 48 mm",1987,453,1
5104-1,"Pneumatic Cylinder, 48 mm",1987,453,1
5105-1,"Pneumatic Cylinder, 64 mm",1987,453,1
5106-1,Two-Way Valve and Non-Return Valve,1987,453,2
5108-1,Pneumatic Piston 2 Cylinder,1989,453,1
5109-1,Pneumatic Tubes and Pieces,1989,453,6
5110-2,"Cross Axles, Nuts",1989,453,26
5112-1,"Lifting Grabs, Crane Hook",1987,453,3
5113-1,TECHNIC Airscrew,1987,453,1
5140-1,"Bricks, Red",1987,443,62
5141-1,"Bricks, Blue",1987,443,62
5142-1,"Bricks, White",1987,443,62
5143-1,"Bricks, Yellow",1987,443,62
5144-1,"Bricks, Black",1987,443,62
5145-1,"Bricks, Gray",1987,443,62
5146-1,"Plates, Blue",1987,443,42
5147-1,"Plates, Red",1987,443,42
5148-1,Wheels,1987,443,40
5149-1,Doors and Windows,1987,443,38
5151-1,"Roof Bricks, Red, 45 Degrees",1987,443,59
5152-1,"Roof Bricks, Red, 25 Degrees",1987,443,60
5161-1,Inverted Slope Bricks,1987,443,16
5162-1,Fences and Gates,1987,443,10
5163-1,"Turntables, 4 x 4 and 2 x 2",1987,443,8
5167-1,"Hinges, Tilt Bearings",1987,443,16
5168-1,Digger Bucket Assembly,1987,443,4
5169-1,Crane Set Assembly,1987,443,7
517-1,Basic Building Set,1987,467,123
5171-1,Decorated Elements,1987,443,28
5172-1,Rocket Stages,1987,443,30
5173-1,Space Jet & Wings,1987,452,19
5174-1,Wheels and Bearings,1987,443,28
5175-1,Space Elements,1987,452,26
5176-1,Transparent Bricks,1987,443,19
5177-1,Town and Space Accessories,1987,443,35
5178-1,Plane Accessories,1987,443,23
5179-1,Hinges and Couplings,1987,443,26
5180-1,"T-Junction, Circle (Airport)",1987,454,2
518-1,2 x 4 Plates (cardboard box version),1962,371,192
518-10,2 x 4 Plates - Blue (architectural hobby und modelbau version),1962,252,26
518-11,2 x 4 Plates - Light Gray (architectural hobby und modelbau version),1962,252,26
5181-1,"Runways, Straight (Airport)",1987,454,2
518-12,2 x 4 Plates - Red (architectural hobby und modelbau version),1962,252,26
518-13,2 x 4 Plates - Trans-Clear (architectural hobby und modelbau version),1962,252,26
518-14,2 x 4 Plates - White (architectural hobby und modelbau version),1962,252,26
518-15,2 x 4 Plates - Yellow (architectural hobby und modelbau version),1962,252,26
5182-1,Hinges and Couplings,1989,443,19
5183-1,Hinges and Couplings,1989,443,32
5184-1,Castle Equipment,1989,447,38
5185-1,Dustbins with Lids,1989,443,8
5186-1,Fence,1989,443,10
5187-1,Bricks with Groove and Garage Panels,1989,443,26
5188-1,"Seats, Steering Wheels and Windscreens",1989,443,10
518-9,2 x 4 Plates - Black (architectural hobby und modelbau version),1962,252,26
5189-1,Ladder (Black and Grey),1989,443,16
5190-1,Seats and Windscreens,1989,443,7
519-1,2 x 3 Plates (cardboard box version),1962,371,240
519-10,2 x 3 Plates - Blue (architectural hobby und modelbau version),1962,252,32
519-11,2 x 3 Plates - Light Gray (architectural hobby und modelbau version),1962,252,32
5191-1,Balloon Tires,1989,443,4
519-12,2 x 3 Plates - Red (architectural hobby und modelbau version),1962,252,32
519-13,2 x 3 Plates - Trans-Clear (architectural hobby und modelbau version),1962,252,32
519-14,2 x 3 Plates - White (architectural hobby und modelbau version),1962,252,32
519-15,2 x 3 Plates - Yellow (architectural hobby und modelbau version),1962,252,32
5192-1,Cypress Trees,1989,443,2
5193-1,Sloping Frames,1989,443,6
5194-1,"Hinge Plate, Fork-Lift",1989,443,3
5195-1,Assorted Arches,1989,443,6
5196-1,"Crane, Crane Hooks and Ladders",1989,443,5
5197-1,"Lampholders, Plate with Holders",1989,443,24
5198-1,"Small Plates, Disks and Cones",1989,443,56
519-9,2 x 3 Plates - Black (architectural hobby und modelbau version),1962,252,32
5199-1,Mini Antennas and Stick,1989,443,32
5200-1,Signal Masts and Feet,1987,456,8
520-1,2 x 2 Plates - Black (cardboard box version),1962,371,40
520-10,2 x 2 Plates - Blue (architectural hobby und modelbau version),1962,252,42
520-11,2 x 2 Plates - Light Gray (architectural hobby und modelbau version),1962,252,42
520-12,2 x 2 Plates - Red (architectural hobby und modelbau version),1962,252,42
520-13,2 x 2 Plates - Trans-Clear (architectural hobby und modelbau version),1962,252,42
520-14,2 x 2 Plates - White (architectural hobby und modelbau version),1962,252,42
520-15,2 x 2 Plates - Yellow (architectural hobby und modelbau version),1962,252,42
520-16,Basic Building Set,1985,467,173
520-2,2 x 2 Plates - Blue (cardboard box version),1962,371,40
520-3,2 x 2 Plates - Green (cardboard box version),1962,371,40
520-4,2 x 2 Plates - Light Gray (cardboard box version),1963,371,40
520-5,2 x 2 Plates - Red (cardboard box version),1963,371,40
520-6,2 x 2 Plates - Trans-Clear (cardboard box version),1963,371,40
520-7,2 x 2 Plates - White (cardboard box version),1963,371,40
520-8,2 x 2 Plates - Yellow (cardboard box version),1962,371,40
520-9,2 x 2 Plates - Black (architectural hobby und modelbau version),1962,252,42
521-1,1 x 1 and 1 x 2 Plates (cardboard box version),1962,371,640
521-10,1 x 1 and 1 x 2 Plates - Blue (architectural hobby und modelbau version),1962,252,82
521-11,1 x 1 and 1 x 2 Plates - Light Gray (architectural hobby und modelbau version),1962,252,82
521-12,1 x 1 and 1 x 2 Plates - Red (architectural hobby und modelbau version),1962,252,82
521-13,1 x 1 and 1 x 2 Plates - Trans-Clear (architectural hobby und modelbau version),1962,252,82
521-14,1 x 1 and 1 x 2 Plates - White (architectural hobby und modelbau version),1962,252,82
521-15,1 x 1 and 1 x 2 Plates - Yellow (architectural hobby und modelbau version),1962,252,82
521-9,1 x 1 and 1 x 2 Plates - Black (architectural hobby und modelbau version),1962,252,82
522-1,Police Station,1977,504,26
5231-1,TECHNIC Beams and Plates [Yellow],1987,453,20
5232-1,TECHNIC Beams and Plates [Blue],1987,453,18
5233-1,Bedroom,1980,405,163
5234-1,TECHNIC Beams and Plates {black},1987,453,20
5235-2,Schoolroom,1982,405,232
5236-1,TECHNIC Beams [Blue],1987,453,8
5237-1,TECHNIC Beams {black},1987,453,8
5238-1,TECHNIC Beams {red},1987,453,8
5239-1,Cross Axles,1987,453,34
5240-1,TECHNIC Wheels with 43 mm + 24 mm tyres,1987,453,12
5241-1,Gear Wheel Assortment,1987,453,20
5242-1,Differential Gear Housing,1987,453,19
5243-1,TECHNIC Chainlinks,1987,453,70
5244-1,TECHNIC Bulldozer Chainlinks,1987,453,54
5246-1,X-Large Tires / 81 mm Tyres and Hubs,1987,453,4
5247-1,Toggle Joints,1987,453,66
5248-1,62 mm Tires and Hubs / 62 mm Tyres and Hubs,1987,453,4
5249-1,TECHNIC Beams and Plates [Red],1987,453,20
5250-1,TECHNIC Beams {yellow},1987,453,8
5251-1,Shock Absorbers,1989,453,4
5253-1,"Cross Axles (Sizes 2, 3, 4, 6)",1987,453,12
5254-1,"Cross Axles (Sizes 8, 10, 12)",1987,453,9
5255-1,Connector Pegs / Connectorpegs,1987,453,30
5256-1,Suspension Pack,1987,453,12
5257-1,"Connector Pegs, Toggle Joints, and Wheels",1987,453,25
5258-1,"Crown Wheels, Gear Racks, Point Wheels, Worm Gears",1987,453,10
5259-1,"Universal Joint, Rubber Bands, and Wheels",1987,453,12
5260-1,Connecting Rods and Stop Bushes,1987,453,32
5261-1,"Plates, Gear Racks, etc.",1987,453,14
5262-1,Gear Wheels,1987,453,9
5263-1,"Universal Joint, Differential Housing, and Point Wheels",1987,453,6
5264-1,Rotors and Bush/Cross Axles,1987,453,24
5265-1,Large Tires and Wheels / TECHNIC Wheels with 43 mm + 24 mm Tyres,1989,453,16
5266-1,"Gear Wheel Assortment / Gear Racks, Gear Wheels and Pulley Wheels",1989,453,22
5270-1,43 mm Tires and Hubs / 43 mm Tyres and Hubs,1987,453,4
527-1,Basic Building Set,1987,467,196
5-3,Basic Set,1973,469,330
530-1,Basic Building Set,1985,467,273
533-1,Basic Set,1984,469,93
537-1,Basic Building Set,1987,467,271
5-4,Large House Set,1971,433,307
540-1,Basic Building Set,1985,467,619
540-2,Police Units,1979,80,44
540-3,Swiss Villa,1973,413,150
542-1,Street Crew,1979,72,44
544-1,Basic Set,1981,469,147
545-2,Conveyor Station,1973,416,170
547-1,Basic Building Set,1987,467,624
550-1,Basic Building Set,1985,467,578
550-2,Windmill,1976,413,211
5510-1,Off-Road 4x4,1986,278,284
551-1,T Road Plates,1979,84,2
552-1,Curved Road Plates,1979,84,2
553-1,Straight Road Plates,1979,84,2
5540-1,Formula 1 Racer,1986,278,446
554-1,Exxon Fuel Tanker,1979,76,75
555-1,Hospital,1976,420,229
555-2,Basic Set,1981,469,206
556-1,Fire Emergency Van,1979,74,66
557-1,Basic Building Set,1987,467,721
5580-1,Highway Rig,1986,278,667
558-1,Road Crane,1979,72,55
560-1,Town House with Garden,1979,69,244
560-2,Police Heliport,1973,421,170
565-1,Moon Landing,1976,422,366
566-1,Basic Set,1981,469,285
570-1,Fire House,1973,417,236
575-1,Coast Guard Station,1978,71,301
575-2,Coast Guard Station (Canadian Edition),1978,71,284
577-1,Basic Set,1981,469,391
580-1,Brick Yard,1975,416,216
585-1,Police Headquarters,1976,421,300
588-1,Police Headquarters,1979,80,376
590-1,Engine Co. No. 9,1978,74,337
599-1,Super Basic Set,1982,469,744
6000-1,Idea Book 6000,1980,497,2
600-1,Ambulance,1970,420,21
600-2,Police Patrol,1978,80,23
6002-1,Town Figures,1983,84,20
6002-2,Castle Figures,1983,189,22
6010-1,Supply Wagon,1984,199,36
601-1,Shell Gas Pump,1978,76,12
6011-1,Black Knight's Treasure,1985,187,27
601-2,Tow Truck,1970,397,21
6012-1,Siege Cart,1986,199,54
6016-1,Knights' Arsenal,1987,199,37
6017-1,King's Oarsmen,1987,199,45
602-1,Fire Chief's Car,1978,74,24
6021-1,Jousting Knights,1984,199,37
602-2,Fire Truck,1970,417,30
6022-1,Horse Cart,1984,199,43
6023-1,Maiden's Cart,1986,199,45
6030-1,Catapult,1984,187,83
603-1,Sidecar,1978,85,26
603-3,Vintage Car,1970,397,36
6035-1,Castle Guard,1987,187,52
6039-1,Twin-Arm Launcher,1988,199,77
6040-1,Blacksmith Shop,1984,199,93
604-1,Shell Service Car,1978,76,21
6041-1,Armor Shop,1986,199,113
604-2,Excavator,1971,416,28
6049-1,Viking Voyager,1987,199,101
605-1,Street Sweeper,1978,85,18
605-2,Taxi,1971,397,18
6054-1,Forestmen's Hideout,1988,194,201
6055-1,Prisoner Convoy,1985,199,116
6060-1,Knight's Challenge,1989,199,168
606-1,Ambulance,1978,78,25
6061-1,Siege Tower,1984,199,216
606-2,Tipper Lorry,1972,416,22
6062-1,Battering Ram,1987,187,240
6066-1,Camouflaged Outpost,1987,194,228
6067-1,Guarded Inn,1986,199,256
607-1,Mini Loader,1979,72,22
6073-1,Knight's Castle,1984,187,416
6074-1,Black Falcon's Fortress,1986,187,430
6075-2,Castle,1981,189,774
6077-1,Knight's Procession,1981,189,49
6077-2,Forestmen's River Fortress,1989,194,360
6080-1,King's Castle,1984,199,679
608-1,Kiosk,1971,413,33
608-2,Taxi,1979,85,25
6083-1,Knight's Tournament,1981,189,210
6085-1,Black Monarch's Castle,1988,188,688
609-1,Aeroplane,1972,412,28
610-1,Vintage Car,1973,397,39
610-2,Rescue Helicopter,1987,466,35
6102-1,Castle Mini Figures,1985,202,36
6103-1,Castle Mini Figures,1988,202,38
6103-2,Knights,1984,202,25
611-1,Police Car,1973,421,19
611-2,Air Canada Jet Plane,1988,466,89
612-1,Tipper Truck,1974,416,23
613-1,Biplane,1974,412,18
614-1,Excavator,1974,416,31
615-2,Fork Lift with Driver,1975,416,21
616-1,Cargo Ship,1976,419,31
617-1,Cowboys,1976,397,41
618-1,Police Helicopter,1977,421,38
619-1,Rally Car,1977,397,22
6200-1,Pirates Double Pack,1989,148,2
620-1,Fireman's Car,1978,74,32
620-2,Fire Truck,1970,417,40
621-1,Police Car,1978,80,34
621-2,Shell Tanker Truck,1970,418,43
6213-1,Replacement Gearbox for Electric Motor,1985,456,1
622-1,Tipper Truck,1978,72,32
622-2,Baggage Carts,1970,412,45
623-1,Medic's Car,1978,78,33
623-2,White Car and Camper,1970,397,38
6235-1,Buried Treasure,1989,148,27
6245-1,Harbor Sentry,1989,151,26
625-1,Tractor,1978,72,31
6251-1,Pirate Mini Figures,1989,148,40
6255-1,Pirate Comic,1989,148,12
6257-1,Castaway's Raft,1989,148,54
6260-1,Shipwreck Island,1989,148,78
626-2,Red Cross Helicopter,1978,78,36
6265-1,Sabre Island,1989,151,97
6270-1,Forbidden Island,1989,148,190
6274-1,Caribbean Clipper,1989,151,386
6276-1,Eldorado Fortress,1989,151,515
628-2,Police Helicopter,1977,421,38
6285-1,Black Seas Barracuda,1989,148,915
6-3,Basic Set,1973,469,338
6301-1,Town Mini-Figures,1986,84,34
6302-1,Mini-Figure Set,1982,84,31
6304-1,Cross Roads Plates,1980,84,2
6305-1,Trees and Flowers,1980,84,24
6306-1,Road Signs,1980,84,12
6307-1,Firemen,1983,84,22
6308-1,Policemen,1982,84,20
6309-1,Town Mini-Figures,1988,84,41
6310-1,T-Road Plates,1986,84,2
6311-1,Curved Road Plates,1986,84,2
6312-1,Straight Road Plates,1986,84,2
6313-1,Cross-Road Plates,1986,84,2
6315-1,Road Signs,1988,84,11
6316-1,Flags and Fences,1988,84,38
6317-1,Trees and Flowers,1988,84,48
6349-1,Vacation House,1988,69,215
6355-1,Derby Trotter,1989,83,142
6356-1,Med-Star Rescue Plane,1988,78,160
6357-1,Stunt 'Copter N' Truck,1988,85,177
6358-1,Snorkel Squad,1987,74,154
6359-1,Horse Trailer,1986,73,144
6360-1,Weekend Cottage,1986,69,117
6361-1,Mobile Crane,1986,72,163
6362-1,Post Office,1982,81,135
6363-1,Auto Service Station,1980,85,140
6364-1,Paramedic Unit,1980,78,139
6365-1,Summer Cottage,1981,69,152
6366-1,Fire & Rescue Squad,1984,74,117
6367-1,Truck,1984,70,154
6368-1,Jet Airliner,1985,68,137
6369-1,Garage,1985,85,134
6370-1,Weekend Home,1985,69,186
6371-1,Shell Service Station,1983,76,266
6372-1,Town House,1982,69,234
6373-1,Motorcycle Shop,1984,85,186
6374-1,Holiday Home,1983,69,265
6375-2,Exxon Gas Station,1980,76,270
6377-1,Delivery Center,1985,70,305
6378-1,Shell Service Station,1986,76,290
6379-1,Riding Stable,1986,69,281
6380-1,Emergency Treatment Center,1987,78,312
6381-1,Motor Speedway,1987,82,206
6382-1,Fire Station,1981,74,394
6383-1,Public Works Center,1981,72,420
6384-1,Police Station,1983,80,398
6385-1,Fire House-I,1985,74,416
6386-1,Police Command Base,1986,80,401
6387-1,Coastal Rescue Base,1989,71,375
6388-1,Holiday Home with Caravan,1989,69,363
6390-1,Main Street,1980,85,607
6391-1,Cargo Center,1984,70,565
6392-1,Airport,1985,68,539
6393-1,Big Rig Truck Stop,1987,85,634
6394-1,Metro Park & Service Tower,1988,76,628
6395-1,Victory Lap Raceway,1988,82,613
6-4,4.5V Battery Train Wagon,1977,456,2
640-1,Fire Truck,1971,417,45
640-2,Fire Truck and Trailer,1978,74,47
641-1,Excavator,1978,72,38
642-1,Tow Truck and Car,1978,85,43
642-2,Double Excavator,1971,416,33
643-1,Flatbed Truck,1978,85,39
643-2,Mobile Crane,1971,416,35
644-1,Double Tanker,1971,418,61
644-2,Police Mobile Patrol,1978,80,44
6450-1,Mobile Police Truck,1986,80,83
645-1,Police Helicopter,1979,80,56
645-2,Milk Float & Trailer,1971,397,57
646-1,Auto Service Truck,1979,85,42
646-2,Mobile Site Office,1971,397,51
647-1,Truck with Girders,1971,416,51
6480-1,Hook and Ladder Truck,1986,74,118
648-1,Shell Service Station,1971,418,42
6481-1,Construction Crew,1989,72,170
6482-1,Rescue Helicopter,1989,78,198
649-1,Low-Loader with Excavator,1972,416,36
650-1,Car with Trailer and Racing Car,1972,397,40
6501-1,Sport Convertible,1987,85,30
6502-1,Turbo Racer,1987,82,24
6503-1,Sprint Racer,1988,82,32
6504-1,Tractor,1988,72,25
6505-1,Fire Chief's Car,1988,74,29
6506-1,Precinct Cruiser,1989,80,32
6507-1,Mini Dumper,1989,72,30
651-1,Tow Truck and Car,1972,397,41
6521-1,Emergency Repair Truck,1987,85,58
652-2,Fork Lift Truck and Trailer,1972,416,42
6522-1,Highway Patrol,1987,80,38
6523-1,Red Cross,1987,78,51
6524-1,Blizzard Blazer,1988,85,50
6526-1,Red Line Racer,1989,82,47
6527-1,Tipper Truck,1989,72,43
6528-1,Sand Storm Racer,1989,82,39
653-1,Ambulance and Helicopter,1973,420,36
654-1,Crane Lorry,1973,416,33
655-1,Mobile Hydraulic Lift,1973,416,33
656-1,Car and Caravan,1974,411,49
657-1,Executive Jet,1974,412,36
658-1,Fire Engine,1974,417,38
6590-1,Vacation Camper,1988,85,116
659-1,Police Patrol with Policemen,1975,421,49
6591-1,Nitro Dragsters,1989,82,144
6600-1,Police Patrol,1981,80,23
660-1,Car with Plane Transporter,1975,397,41
6601-1,Ice Cream Cart,1985,75,30
6602-1,Fire Chief's Car,1981,74,24
6603-1,Shovel Truck,1985,72,27
6604-1,Formula-I Racer,1985,82,31
6605-1,Road Racer,1984,82,20
6606-1,Road Repair Set,1983,85,25
6607-1,Service Truck,1982,85,25
6608-1,Tractor,1982,73,21
6609-1,Race Car,1980,82,17
6610-1,Gas Pumps,1981,76,28
661-1,Spirit of St. Louis,1976,412,49
6611-1,Fire Chief's Car,1981,74,20
6612-1,Fire Chief's Car,1986,74,29
6613-1,Telephone Booth,1986,85,26
662-1,Dumper Lorry,1976,416,27
6621-1,Fire Truck,1984,74,39
6622-1,Mailman on Motorcycle,1984,81,30
6623-1,Police Car,1983,80,40
6624-1,Delivery Van,1983,70,40
6626-1,Rescue Helicopter,1981,78,36
6627-1,Convertible,1980,85,37
6628-1,Shell Tow Truck,1981,76,38
6628-2,Construction Workers,1984,84,20
6629-1,Ambulance,1981,78,39
6630-1,Bucket Loader,1981,72,34
663-1,Hovercraft,1977,419,60
6631-1,Steam Shovel,1985,72,48
6632-1,Tactical Patrol Truck,1985,80,44
6633-1,Family Car,1985,85,46
6634-1,Stock Car,1986,82,46
664-1,TV Crew,1977,397,47
6641-1,4-Wheelin' Truck,1987,79,81
6642-1,Police Helicopter,1988,80,65
6643-1,Fire Truck,1988,74,74
6647-1,Highway Repair,1980,85,54
6648-2,Dump Truck,1980,72,42
6650-1,Fire and Rescue Van,1981,74,46
6651-1,Post Office Van,1982,81,46
6652-1,Construction Truck,1983,72,44
6653-1,Highway Emergency Van,1982,85,56
6654-1,Motorcycle Transport,1983,85,54
6655-1,Auto & Tire Repair,1984,85,58
6656-1,Tow Truck,1985,85,53
6657-1,Fire Patrol Copter,1985,74,66
6658-1,Bulldozer,1986,72,65
6659-1,TV Camera Crew,1986,79,66
6660-1,Hook & Haul Wrecker,1989,79,52
6661-1,Mobile TV Studio,1989,85,80
6671-1,Utility Repair Lift,1989,85,107
6674-1,Crane Truck,1988,85,94
6675-1,Road & Trail 4x4,1988,79,81
6676-1,Mobile Command Unit,1986,80,99
6677-1,Motocross Racing,1986,82,75
6678-1,Pneumatic Crane,1980,72,61
6679-2,Exxon Tow Truck,1980,85,78
6680-1,Ambulance,1981,78,63
6681-1,Police Van,1981,80,81
6682-1,Cement Mixer,1985,72,90
6683-1,Burger Stand,1983,75,68
6684-1,Police Patrol Squad,1984,80,81
6685-1,Fire Copter 1,1982,74,98
6686-1,Backhoe,1984,72,88
6687-1,Turbo Prop I,1987,68,78
6688-1,Ambulance,1985,78,72
6689-1,Post-Station,1985,81,54
6690-1,Snorkel Pumper,1980,74,103
6691-1,Red Cross Helicopter,1981,78,107
6692-1,Tractor Trailer,1983,70,97
6693-1,Refuse Collection Truck,1987,85,114
6694-1,Car with Camper,1984,85,109
6695-1,Shell Tanker,1984,76,106
6696-1,Exxon Fuel Tanker,1984,76,106
6697-1,Rescue-I Helicopter,1985,71,85
6698-1,RV with Speedboat,1986,77,129
6699-1,Cycle Fix-It Shop,1987,85,81
670-1,Mobile Crane,1978,72,55
6701-1,Minifig Pack,1983,143,36
6702-1,Minifig Pack,1986,143,43
6703-1,Minifig Pack,1988,143,42
671-1,Shell Fuel Tanker,1978,76,73
6711-1,Space Mini-Figs,1983,143,24
672-1,Fire Emergency Van,1978,74,65
673-1,Rally Repair Crew,1978,85,60
674-1,Forklift & Truck,1978,72,55
6750-1,Sonic Robot,1986,130,110
675-1,Snack Bar,1979,75,64
6770-1,Lunar Transporter Patroller,1988,132,117
677-1,Knight's Procession,1979,189,48
6780-1,XT Starship,1986,130,199
6781-1,SP-Striker,1989,139,230
6783-1,Sonar Transmitting Cruiser,1986,130,348
680-1,Low-Loader and Crane,1971,416,62
6801-1,Moon Buggy,1981,130,22
6802-1,Space Probe,1986,130,26
6803-1,Space Patrol,1983,130,25
6804-1,Surface Rover,1984,130,21
6805-1,Astro Dasher,1985,130,29
6806-1,Surface Hopper,1985,130,23
6807-1,Space Sledge with Astronaut and Robot,1985,130,24
6808-1,Galaxy Trekkor,1987,130,29
6809-1,XT-5 and Droid,1988,130,37
6810-1,Laser Ranger,1989,132,41
681-1,Low-Loader with 4 Wheel Excavator,1971,416,63
6820-1,Starfire I,1986,130,34
682-1,Low-Loader and Tractor,1971,416,57
6821-1,Shovel Buggy,1980,130,28
6822-1,Space Digger,1981,130,33
6823-1,Surface Transport,1983,130,27
6824-1,Space Dart I,1984,130,48
6825-1,Cosmic Comet,1985,130,40
6826-1,Crater Crawler,1985,130,32
6827-1,Strata Scooter,1987,130,35
6828-1,Twin-Winged Spoiler,1988,132,57
6830-1,Space Patroller,1988,132,51
683-1,Articulated Lorry,1971,397,58
6831-1,Message Decoder,1989,139,34
684-1,Low-Loader with Fork Lift Truck,1972,416,53
6841-1,Mineral Detector,1980,130,44
6842-1,Shuttle Craft,1981,130,46
6844-1,Seismologic Vehicle (Sismobile),1983,130,46
6845-1,Cosmic Charger,1986,130,51
6846-1,Tri-Star Voyager,1984,130,69
6847-1,Space Dozer,1985,130,49
6848-1,Strategic Pursuer,1988,132,62
6848-2,Interplanetary Shuttle,1985,130,54
6848-3,Strategic Pursuer,1988,126,62
6849-1,Satellite Patroller,1987,130,47
6850-1,Auxiliary Patroller,1989,132,46
685-1,Truck with Trailer,1972,397,50
685-2,Truck with Trailer (without Stickers),1972,397,50
686-1,Tipper Trucks and Loader,1973,416,70
6861-1,X1 Patrol Craft,1980,130,55
6870-1,Space Probe Launcher,1981,130,60
687-1,Caravelle Plane,1973,412,48
6871-1,Star Patrol Launcher,1984,130,71
6872-1,Xenon X-Craft,1986,130,76
6874-1,Moon Rover,1986,130,66
6875-1,Hovercraft,1988,132,93
6876-1,Alienator,1988,128,92
6880-1,Surface Explorer,1982,130,83
688-1,Shell Double Tanker,1973,418,63
6881-1,Lunar Rocket Launcher,1984,130,98
6882-1,Walking Astro Grappler,1985,130,102
6883-1,Terrestrial Rover,1987,130,109
6884-1,Aero Module,1987,132,107
6885-1,Saturn Base Main Team (Crater Crawler),1988,132,101
6886-1,Galactic Peace Keeper,1989,139,121
6890-1,Cosmic Cruiser,1982,130,115
689-1,Mobile Crane,1974,416,46
6891-1,Gamma V Laser Craft,1985,130,135
6892-1,Modular Space Transport,1986,130,150
6893-1,Orion II Hyperspace,1987,132,162
6894-1,Invader,1987,128,159
6895-1,Spy-Trak 1,1989,139,152
690-1,Shell Station,1974,418,73
6901-1,Mobile Lab,1980,130,139
691-1,Rescue Helicopter,1974,417,62
692-1,Road Repair Crew,1975,416,59
6921-1,Monorail Accessory Track,1988,132,46
6925-1,Interplanetary Rover,1988,132,211
6926-1,Mobile Recovery Vehicle,1986,130,150
6927-1,All-Terrain Vehicle,1981,130,173
6928-1,Uranium Search Vehicle,1984,130,201
6929-1,Star Fleet Voyager,1981,130,246
6930-1,Space Supply Station,1983,130,206
693-1,Fire Engine with Firemen,1975,417,72
6931-1,FX Star Patroller,1985,130,227
6932-1,Stardefender 200,1987,132,251
6940-1,Alien Moon Stalker,1986,130,268
694-1,Transport Truck,1975,397,64
6941-1,Battrax,1987,128,284
6950-1,Mobile Rocket Transport,1982,130,210
695-1,Racing Car,1976,397,67
6951-1,Robot Command Center,1984,130,295
6952-1,Solar Power Transporter,1985,130,305
6953-1,Cosmic Laser Launcher,1987,132,211
6954-1,Renegade,1987,128,315
6955-1,Space Lock-Up Isolation Base,1989,139,253
696-1,Bus Stop,1976,397,80
6970-1,Beta I Command Base,1980,130,270
697-1,Stagecoach,1976,397,96
6971-1,Inter-Galactic Command Base,1984,130,329
6972-1,Polaris I Space Lab,1987,130,390
6980-1,Galaxy Commander,1983,130,443
698-1,JAL Boeing 727,1977,412,45
6985-1,Cosmic Fleet Voyager,1986,130,413
6986-1,Mission Commander,1989,139,478
6987-1,Message Intercept Base,1988,128,577
6987-2,Message Intercept Base,1988,128,575
6990-1,Monorail Transport System,1988,132,731
699-1,Photo Safari,1977,397,129
700-1,10 x 20 Brickplate,1966,371,6
700.1.1-1,Individual 2 x 4 Bricks,1950,371,10
700.1-2,Gift Package,1957,366,0
700.1.2-1,Individual 2 x 2 Bricks,1950,371,9
70012-1,Rubber Bands,1985,453,20
700.1.4-1,Individual 1 x 2 Bricks,1953,371,1
700.16-1,Individual 2 x 8 Bricks,1954,371,5
700.20-1,Individual 2 x 10 Bricks,1954,371,5
700.2-2,Gift Package,1957,366,0
700.24-1,Individual 2 x 12 Bricks,1954,371,5
700.28-1,Individual 2 x 14 Bricks,1954,371,5
700.3.4-1,Individual 2 x 3 Bricks,1953,371,5
700.3A-2,Gift Package,1957,372,0
700.A-1,Automatic Binding Bricks Small Brick Set (Lego Mursten),1950,366,24
700.B-1,Early LEGO Windows/Doors (without Glass),1953,371,12
700.B.1-1,Individual 1 x 4 x 2 Window (without glass),1950,371,7
700.B.2-1,Individual 1 x 2 x 3 Window (without glass),1950,371,7
700.B.3-1,Individual 1 x 2 x 2 Window (without glass),1950,371,7
700.B.4-1,Individual 1 x 2 x 4 Door (without glass),1950,371,7
700.C-1,Tall Classic Windows/Door (with Glass),1954,371,24
700.C.1-1,Individual 1 x 6 x 4 Panorama Window (with glass),1954,371,4
700.C.2-1,Individual 1 x 6 x 3 3-Pane Window (with glass),1954,371,4
700.C.3-1,Individual 1 x 6 x 3 Shutter Window (with glass),1954,371,4
700.C.4-1,Individual 1 x 4 x 3 Window (with glass),1954,371,4
700.C.5-1,Individual 1 x 3 x 3 Window (with glass),1954,371,4
700.C.6-1,Individual 1 x 2 x 4 Door (with glass),1954,371,4
700.F-1,Automatic Binding Bricks - Small Brick Set (Lego Mursten),1953,371,48
700GP0-1,Gift Package,1957,372,244
700GP5-1,Gift Package (Lego Mursten),1954,372,54
700GP6-1,Gift Package (Lego Mursten),1954,372,46
700GP6-2,Gift Package,1957,372,46
700.H-1,Individual 4 x 4 Corner Bricks,1954,371,5
700K-1,Kindergarten LEGO Set,1960,513,476
700L-1,Empty Kindergarten LEGO Box,1961,513,1
701-1,Hinges,1984,443,3
701-3,Hinges,1986,443,6
702-1,12V Motor with Accessories Pack,1969,242,25
702-3,Motor Wires,1984,443,2
703-1,12V Replacement Electric Motor,1969,242,1
703-3,Battery Box,1984,443,1
704-1,12V Sleeper (Track) Contacts for Old Motor Type I and II,1969,242,2
704-4,Replacement Motor,1984,443,1
705-1,Motor Bushings,1969,242,4
705-4,Digger Bucket,1984,443,3
706-1,12V Rail Contact Wire with Transformer Connector,1969,242,1
706-3,12V Rail Contact Wire with Transformer Connector with Cap,1974,242,1
706-4,Crane Grab Assembly,1984,443,3
707-1,Tile Brick Assortment,1984,443,50
708-1,12V Extension Cord Pack,1970,242,3
708-3,Angle Brick / Landing Frame,1984,443,8
709-1,Police Boat,1978,363,48
709-2,Axle Assortment,1984,453,36
7100-1,Samsonite Large Educational Set,1963,523,0
710-1,Wrecker with Car,1973,397,91
710-2,Lockable Storage Case,1966,371,1
710-3,Universal Building Set,1983,469,364
710-6,Baseplate Assortment,1984,443,10
711-1,Jeep CJ-5,1977,397,58
712-1,Sea Plane,1977,412,115
7-2,Universal Building Set,1979,469,64
720-1,Basic Building Set,1985,467,339
720-2,Train with 12V Electric Motor,1969,234,357
721-1,Steam Locomotive,1969,234,114
722-1,Universal Building Set,1980,469,302
722-2,12V Electric Train with 2 Wagons,1970,234,151
723-1,Diesel Locomotive,1970,234,95
723-2,Diesel Locomotive with DB Sticker,1974,234,93
724-1,12V Diesel Locomotive with Crane and Tipper Wagon,1972,234,150
725-2,12V Freight Train and Track,1974,234,310
726-1,12V Western Train with 2 Wagons and Cowboys,1976,233,287
727-1,12V Locomotive,1977,234,133
7-3,Basic Set,1973,469,412
730-1,Steam Shovel with Carrier,1973,416,102
730-2,Basic Building Set,1985,467,432
73129-1,Four TECHNIC Shocks,1985,453,4
733-1,Universal Building Set,1980,469,504
740-1,Basic Building Set,1985,467,530
740-2,12V Transformer for 220V Pack,1969,242,1
741-1,12V New Transformer for 220V Pack,1974,242,1
742-1,12V New Transformer for 110V Pack,1970,242,1
744-1,Universal Building Set,1980,469,540
745-1,"Baseplate, Green",1978,473,1
746-1,"Baseplates, Green and Yellow",1978,473,2
747-1,"Baseplates, Red and Blue",1978,473,2
750-1,8 Straight 12V Conducting Rails,1969,242,8
751-1,8 Curved 12V Conducting Rails,1969,242,8
753-1,Automatic Right Electric Switch,1969,242,5
754-1,Automatic Left Electric Switch,1969,242,5
755-1,Left and Right Switches,1974,242,12
756-1,Electric Crossing,1974,242,5
757-1,Storage Tray,1987,443,1
758-1,Storage Tray,1987,443,1
759-1,Storage Cabinet,1985,443,1
760-1,Storage Cabinet,1985,443,5
760-2,London Bus,1975,397,110
770-1,Rescue Set,1976,420,142
7710-1,Push-Along Passenger Steam Train,1980,235,432
7715-1,Push-Along Passenger Steam Train,1985,235,448
7720-1,"Diesel Freight Train Set, battery",1980,235,427
7722-1,"Steam Cargo Train, battery",1985,235,497
7725-1,Electric Passenger Train,1981,234,488
7727-1,Freight Steam Train,1983,234,569
7730-1,Electric Goods Train,1980,234,519
7735-1,Freight Train,1985,234,516
7740-1,Inter-City Passenger Train,1980,234,784
7745-1,High-Speed City Express Passenger Train,1985,234,735
7750-1,Steam Engine,1980,234,267
775-1,Fire Fighter Ship,1978,363,141
7755-1,Diesel Heavy Shunting Locomotive,1983,234,163
7760-1,Diesel Shunter Locomotive,1980,234,151
7777-1,Idea Book 7777,1981,499,0
780-1,Road Construction Set,1976,416,159
7810-1,Push-Along Steam Engine,1980,235,96
781-1,Storage Case,1982,473,1
7813-1,Shell Tanker Wagon,1986,235,120
7814-1,Crane Wagon with Small Container,1980,235,113
7815-1,Passenger Carriage / Sleeper,1983,235,228
7816-1,Shell Tanker Wagon,1980,235,111
7817-1,Crane Wagon,1985,235,148
7818-1,Passenger Carriage,1980,235,115
7819-1,Postal Container Wagon Covered,1983,233,182
7820-1,Mail Van,1980,233,211
782-1,Storage Case,1984,473,1
7821-1,Overhead Gantry and Lighting Maintenance Wagon,1983,235,90
7822-1,Railway Station,1980,235,382
7823-1,Container Crane Depot,1986,234,483
7824-1,Railway Station,1983,235,478
783-1,Storage Case,1985,473,1
7834-1,Level Crossing Manual,1980,234,95
7835-1,Manual Road Crossing,1985,235,134
7838-1,Freight Loading Depot with Wagon,1983,235,324
7839-1,Car Transport Depot,1986,234,341
7850-1,8 Straight Rails Gray 4.5v,1980,243,32
785-1,Red Box,1973,473,1
7851-1,8 Curved Rails Gray 4.5v,1980,243,32
7852-1,Left and Right Points Manual Gray 4.5v,1980,243,14
7853-1,"Crossing, Gray 4.5v",1980,243,5
7854-1,8 Straight Electric Rails Gray 12v,1980,242,8
7855-1,8 Curved Electric Rails Gray 12v,1980,242,8
7856-1,Left and Right Manual Points with Electric Rails,1980,242,16
7857-1,"Crossing, Electric Rails Gray 12v",1980,242,5
7858-1,Remote Controlled Points Right 12v,1980,242,12
7859-1,Remote Controlled Points Left 12v,1980,242,12
7860-1,Remote Controlled Signal 12v,1980,242,25
786-1,Storage Cloth,1980,473,1
7861-1,Lighting Set Electric 12v,1980,242,28
7862-1,Remote Controlled Decoupling,1981,242,16
7863-1,Remote Controlled Point Motor,1980,242,7
7864-1,Transformer / Controller 12V,1980,242,34
7865-1,12V Motor,1980,242,19
7866-1,Remote Controlled Road Crossing,1983,234,194
7867-1,12V Train Light Posts,1983,242,52
787-1,Play Mat with Drawstring,1977,473,1
789-1,Storage Cloth,1987,473,1
791-1,Storage Box - Red,1972,473,1
792-1,Storage Box - White,1972,473,1
793-1,Storage Box - Blue,1972,473,1
794-1,Storage Box - Yellow,1972,473,1
795-1,"Baseplates, Red and Blue",1971,473,2
796-1,"Baseplates, Green and Yellow",1971,473,2
797-1,"2 large baseplates, gray/white",1971,473,2
798-1,"Baseplates, Green",1972,473,2
799-1,"Baseplate, Gray",1964,371,1
800-1,Gear Set with Motor,1970,472,120
800-2,Extra Bricks Red,1986,473,62
801-1,Gear Set,1970,472,112
801-2,Extra Bricks Blue,1986,473,62
8020-1,Universal Building Set,1984,21,119
802-1,Gear Supplementary Set,1970,472,30
802-2,Extra Bricks White,1986,473,62
8024-1,Universal Building Set,1989,21,114
8030-1,Universal Building Set,1982,21,141
803-1,Extra Bricks Yellow,1986,473,62
803-2,Gear/Wheel Set,1972,472,163
8034-1,Universal Building Set,1989,21,187
8035-1,Universal Building Set,1986,21,174
8040-1,Universal Building Set,1984,21,162
804-1,Extra Bricks Black,1986,473,62
8044-1,Universal Pneumatic Set,1989,21,198
8050-1,Universal Building Set,1982,21,141
805-1,Extra Bricks Gray,1986,473,62
8054-1,Universal Building Set,1989,21,196
8055-1,Universal Building Set with Motor,1986,21,186
806-1,Extra Plates Blue,1986,473,42
807-1,Extra Plates Red,1986,473,42
808-1,Wheels and Tires,1986,473,40
8090-1,TECHNIC Universal Set,1982,21,277
809-1,Doors and Windows,1986,473,38
810-1,Basic Motor Set,1985,473,33
810-2,Town Plan - Continental European,1961,372,760
810-3,Gear Truck Set,1974,472,110
810-4,"Town Plan - UK, Cardboard box",1962,372,755
811-1,"Red Roof Bricks, Steep Pitch",1986,473,59
811-2,Gear Crane Set,1974,472,181
812-1,Gear Supplementary Set,1974,472,101
812-2,"Red Roof Bricks, Shallow Pitch",1986,473,60
813-1,"Baseplate, Green",1986,473,1
813-2,Gear Bulldozer Set,1974,472,130
814-1,"Baseplates, Green, Red and Yellow",1986,473,3
814-2,Gear Farm Set,1975,472,89
815-1,"Baseplate, Gray",1986,473,1
816-1,"Lighting Bricks, 4.5V",1987,473,17
8-2,Universal Building Set,1979,469,93
820-1,Red Plates Parts Pack,1980,473,34
820-2,"LegoWooden Storage Box Large (Double Latch) with Contents, with Lattice",1966,365,0
822-1,Blue Plates Parts Pack,1980,473,34
8-3,Basic Set,1973,469,665
830-1,Red Bricks Parts Pack,1980,473,46
831-1,Black Bricks Parts Pack,1980,473,46
832-1,Blue Bricks Parts Pack,1980,473,46
833-1,White Bricks Parts Pack,1980,473,46
834-1,Yellow Bricks Parts Pack,1980,473,46
836-1,Doors and Windows Parts Pack,1980,473,37
837-1,Wheels and Tires Parts Pack,1980,473,28
838-1,"Red Roof Bricks Parts Pack, 45 Degree",1980,473,58
839-1,"Red Roof Bricks Parts Pack, 33 Degree",1980,473,42
8-4,Magnetic Train Couplers with Plates,1977,456,4
840-1,"Baseplate, Green",1980,473,1
841-1,"Baseplates, Green and Yellow",1980,473,2
842-1,"Baseplates, Red and Blue",1980,473,2
843-1,"Baseplate, Gray",1980,473,1
850-1,Fork lift truck,1977,4,216
851-1,Tractor,1977,4,324
852-1,Reconnaisance Helicopter,1977,4,364
853-1,Auto Chassis,1977,4,608
854-1,Go-Kart,1978,4,211
855-1,Mobile crane,1978,4,512
856-1,Bulldozer,1979,4,372
857-1,Motorcycle with sidecar,1979,4,409
858-1,Auto Engines,1980,4,242
8620-1,Snow Scooter,1986,2,101
8640-1,Polar Copter,1986,2,238
8660-1,Arctic Rescue Unit,1986,2,387
8680-1,Arctic Rescue Base,1986,2,523
8700-1,Expert Builder Power Pack,1982,4,27
870-1,Supplementary Set,1977,4,22
8710-1,Supplementary Set,1980,4,124
871-1,Supplementary Set,1977,4,78
8712-1,Action Figures,1988,19,14
872-1,Supplementary Set,1978,4,77
874-1,Supplementary Set,1979,4,38
875-1,Supplementary Set,1979,4,38
876-1,Supplementary Set,1979,4,38
877-1,Supplementary Set,1979,4,30
878-1,Supplementary Set,1979,4,52
879-1,Supplementary Set,1979,4,87
880-1,Supplementary Set,1979,4,22
8832-1,Roadster,1988,12,86
8835-1,Forklift,1989,7,240
8841-1,Desert Racer,1983,11,180
8842-1,Go-Cart,1986,12,280
8843-1,Fork Lift Truck,1984,7,272
8844-1,Helicopter,1981,4,316
8845-1,Dune Buggy,1981,4,174
8846-1,Tow Truck,1982,4,379
8847-1,Dragster,1983,4,250
8848-1,Power Truck,1981,4,398
8849-1,Tractor,1986,8,347
885-1,Space Scooter,1979,130,20
8851-1,Excavator,1984,7,362
8852-1,Robot,1987,14,327
8853-1,Excavator / Digger,1988,7,326
8854-1,Power Crane,1989,7,516
8855-1,Prop Plane,1988,6,570
8857-2,LEGO Motorcycle,1980,4,409
8858-2,Auto Engines,1980,4,244
8859-1,Tractor,1981,4,614
8860-1,Car Chassis,1980,4,676
886-1,Space Buggy,1979,130,20
8862-1,Backhoe Grader,1989,7,679
8865-1,Test Car,1988,15,900
8888-1,Idea Book 8888,1980,498,1
8889-1,Idea Book 8889,1984,498,1
8890-1,Idea Book 8890,1988,498,1
889-1,Radar Truck,1979,130,29
890-1,Windup Motor,1981,473,10
890-2,"Lockable Storage Box, Empty",1967,371,1
891-1,Two-Man Scooter,1979,130,39
894-1,Mobile Ground Tracking Station,1979,130,79
895-1,Windup Motor,1986,473,10
897-1,Mobile Rocket Launcher,1979,130,77
900-1,Universal Motor Set,1973,473,24
900-2,4 Small Wheels with Accessories,1969,371,12
901-1,4.5V Motor Set,1976,473,31
901-2,2 Large Wheels with Accessories,1969,371,7
90-2,Educational Box - Empty,1965,513,1
902-1,5 Turntables,1969,371,5
903-1,Train Wheels and Couplers,1969,371,10
906-1,12 doors and 5 hinges,1969,371,17
9-1,Universal Building Set,1978,469,116
910-1,Universal Building Set,1976,469,318
911-1,Universal Building Set,1976,469,401
912-1,Universal Building Set,1976,469,471
914-1,"Windows, Red",1969,371,10
914-2,"Windows, White",1969,371,10
915-1,6 bricks with 16 and 20 studs and 3 Angle Bricks White/Red,1969,371,9
915-2,6 bricks with 16 and 20 studs and 3 Angle Bricks Blue/Yellow,1969,371,9
918-1,Space Transport,1979,130,86
918-2,21 8-Stud Bricks,1969,371,126
918-black-2,21 Black 2x4 Bricks,1969,371,21
918-blue-2,21 Blue 2x4 Bricks,1969,371,21
918-red-2,21 Red 2x4 Bricks,1969,371,21
918-tclear-2,21 Trans-Clear 2x4 Bricks,1969,371,21
918-white-2,21 White 2x4 Bricks,1969,371,21
918-yellow-2,21 Yellow 2x4 Bricks,1969,371,21
919-1,"31 bricks with 2, 4 and 6 studs",1969,371,186
9-2,Trees & Flowers,1981,455,18
920-2,Alpha-1 Rocket Base,1979,130,187
922-1,"28 Bricks with 1, 2, 4, 6 and 8 Studs [Red/White]",1969,371,28
922-2,"28 Bricks with 1, 2, 4, 6 and 8 Studs [Blue/Yellow]",1969,371,28
922-3,"28 Bricks with 1, 2, 4, 6 and 8 Studs [Black/Trans-Clear]",1969,371,28
923-1,"50 bricks, curved and round",1969,371,150
924-1,Space Cruiser,1979,130,172
9249-1,LEGO Basic Airport,1988,534,0
926-1,Command Centre (Center),1979,130,177
928-1,Galaxy Explorer,1979,130,342
9-3,Magnetic Train Couplers,1977,456,4
930-1,Red Bricks,1973,473,45
931-1,White Bricks,1973,473,45
932-1,Blue and Yellow Bricks,1973,473,45
933-1,Doors and Windows,1973,473,38
934-1,"Roof Bricks, 45 Degrees",1973,473,58
935-1,"Roof Bricks, 33 Degrees",1973,473,43
9356-1,Town Environment,1986,533,639
9360-1,{Roadplates and Scenery},1986,533,85
936-1,Wheels and Tires,1973,473,20
937-1,Doors and Fences,1973,473,34
938-1,"Plates, Hinges and Turntables",1973,473,17
939-1,"Flags, Trees and Road Signs",1972,473,17
940-1,"Flags, Signs and Trees",1973,473,17
941-1,Black and Clear Bricks,1974,473,48
948-1,Go-Kart,1978,4,211
950-1,Fork Lift,1979,4,216
951-1,Bulldozer,1979,4,372
951178-1,Basic Bricks,1987,534,18
951-2,Lego TC logo Starter Pack,1988,529,16
952-1,Tractor,1978,4,322
954-1,Sky Copter,1978,4,364
955-1,Mobile Crane,1979,4,512
956-1,Auto Chassis,1978,4,603
960-1,Power Pack,1978,4,22
961-1,Expert Builder/Gear Parts,1978,4,78
964-1,"10 building plates 2 x 8, 4 x 8, 6 x 8",1969,371,10
9700-1,Technic Control Center,1987,529,472
970-1,Lighting Bricks,1978,473,17
970-2,47 1/3 elements (plates),1969,371,141
971-1,52 flat tile bricks,1969,371,156
9750-1,LEGO Interface,1986,532,4
9767-1,Interface Card/Cable for Apple IIe and IIGS,1989,529,1
9771-1,Interface Card and Cable for TC Logo - IBM compatible,1989,532,3
980-1,"23 sloping bricks, including roof peak bricks, Red",1969,371,23
980-2,"23 sloping bricks, including roof peak bricks, Blue",1969,371,23
981-1,"34 sloping profile bricks, including profile peak bricks, Red",1969,371,39
981-2,"34 sloping profile bricks, including profile peak bricks, Blue",1969,371,39
9820-1,Geared Turntable,1989,1,64
985-1,Lighting Device Parts Pack,1969,371,4
986-1,One Light Bulb,1969,371,1
987-1,Number Bricks,1969,371,52
988-1,Alphabet Bricks,1969,371,45
989-1,10 Traffic Signs,1969,371,10
98959-1,Motor,1977,4,40
990-1,Trees and Signs (1971 version with granulated trees and 4 bricks),1971,473,12
990-2,Trees and Signs (1969 version with old style trees and 3 bricks),1969,473,11
994-1,LEGO fences with garden gates,1969,371,19
995-1,Lighting Bricks with Color Filters,1969,371,23
9975-1,Simple Machines,1987,529,122
b55dk-01,Lego Mursten - System i Leg Byggebog,1955,497,0
b56de-01,Lego Bausteine - System im Spiel,1956,497,0
b63de-01,LEGO Hobby und Modellbau,1963,497,0
b66de-01,LEGO Motor Eisenbahn,1966,499,0
K1062-1,Lego Road Safety Kit,1981,533,140
k1062b,Set K1062 Activity Booklet,1981,533,1
legobricks-1,Lego Bricks Box,1958,366,2
pk1062,Lego Road Safety Kit Poster,1981,501,0
VP-17,Legoland Town Special Offer,1985,67,0
vwkit-1,Volkswagen Kit,1959,366,22
